SNP,Chrom,Position,SNP_set,All_Escapee,All_Wild,Inarijoki,Kevojoki,Pulmankijärvi,Old Teno Mainstem,Tsarsjoki,Utsjoki,Näätämö,Tornio,Escapee_90,Escapee_99
ss1868481206,19,51435310,160,0.452,0.014,0.000,0.000,0.000,0.083,0.000,0.000,0.000,0.307,0.585,0.552
ss1868437960,20,69135335,160,0.546,0.977,0.995,0.950,0.990,0.929,1.000,1.000,0.847,0.480,0.523,0.530
ss1868079718,23,40183786,80,0.450,0.943,0.975,0.880,0.850,0.951,1.000,1.000,1.000,0.916,0.551,0.516
ss1868592644,10,20776035,80,0.423,0.936,0.860,1.000,1.000,0.758,1.000,1.000,0.673,0.655,0.393,0.366
ss1868520695,12,78397968,40,0.659,0.062,0.055,0.030,0.070,0.214,0.000,0.005,0.015,0.035,0.653,0.696
ss1868067270,24,47027446,200,0.590,0.988,1.000,0.970,1.000,0.959,1.000,1.000,0.922,0.644,0.578,0.546
ss1868579629,9,31519098,120,0.519,0.989,1.000,1.000,1.000,0.934,1.000,1.000,1.000,0.767,0.523,0.480
ss1868574877,5,54489523,200,0.600,0.985,1.000,1.000,1.000,0.908,1.000,1.000,0.874,0.713,0.557,0.616
ss1868132369,3,91803797,200,0.314,0.009,0.000,0.000,0.000,0.052,0.000,0.000,0.000,0.000,0.250,0.347
ss1868613985,7,5477399,160,0.546,0.975,1.000,0.940,0.955,0.959,1.000,0.995,0.995,0.911,0.561,0.525
ss1867998859,25,34546145,160,0.551,0.981,1.000,1.000,1.000,0.885,1.000,1.000,0.920,0.745,0.482,0.516
ss1868078201,14,15169686,40,0.309,0.933,1.000,0.755,1.000,0.847,1.000,0.995,1.000,0.490,0.347,0.229
ss1868605796,4,19995330,200,0.657,0.993,1.000,1.000,1.000,0.959,1.000,1.000,1.000,0.589,0.529,0.572
ss1868121912,16,71018989,80,0.454,0.945,0.910,0.965,0.920,0.888,0.985,1.000,0.874,0.812,0.386,0.429
ss1868595680,1,151267140,160,0.523,0.951,0.960,1.000,0.885,0.913,0.985,0.960,0.899,0.365,0.477,0.467
ss1868544125,6,55866265,160,0.517,0.960,1.000,0.920,1.000,0.842,1.000,1.000,0.811,0.881,0.494,0.434
ss1868605438,13,85461302,120,0.567,0.084,0.000,0.165,0.045,0.057,0.155,0.080,0.000,0.094,0.629,0.526
ss1868090467,26,13499486,40,0.634,0.096,0.040,0.005,0.255,0.268,0.005,0.000,0.245,0.740,0.708,0.641
ss1868575560,19,51155652,120,0.556,0.083,0.145,0.140,0.025,0.168,0.000,0.020,0.178,0.183,0.533,0.510
ss1868370353,20,47400323,80,0.434,0.940,0.835,1.000,0.975,0.862,1.000,0.965,0.907,0.812,0.405,0.429
ss1868047413,16,81947899,200,0.439,0.044,0.005,0.130,0.085,0.046,0.000,0.000,0.075,0.307,0.500,0.460
ss1868606499,4,55830534,80,0.466,0.967,1.000,0.920,1.000,0.881,1.000,1.000,0.923,0.985,0.494,0.369
ss1868013561,19,72534664,200,0.571,0.980,0.970,1.000,1.000,0.907,1.000,1.000,0.919,0.946,0.607,0.546
ss1868592461,1,120149366,160,0.449,0.008,0.000,0.005,0.035,0.005,0.000,0.000,0.000,0.168,0.450,0.475
ss1868025307,28,26165650,40,0.660,0.068,0.025,0.065,0.135,0.180,0.000,0.000,0.114,0.701,0.656,0.663
ss1868084911,12,36923636,120,0.467,0.945,0.940,0.910,0.950,0.911,0.990,0.970,0.927,0.297,0.523,0.444
ss1868433298,29,8619507,80,0.557,0.057,0.000,0.170,0.000,0.172,0.000,0.000,0.000,0.668,0.561,0.628
ss1868040776,7,47029539,160,0.478,0.028,0.000,0.060,0.010,0.072,0.025,0.000,0.000,0.000,0.562,0.571
ss1867944748,3,63602696,200,0.542,0.964,1.000,1.000,1.000,0.841,1.000,0.945,0.647,0.645,0.494,0.468
ss1868141582,9,70177078,120,0.461,0.941,1.000,0.940,0.795,0.908,1.000,1.000,0.940,0.980,0.343,0.434
ss1868076483,5,34683941,120,0.447,0.910,0.825,1.000,1.000,0.674,1.000,0.960,0.095,0.470,0.512,0.505
ss1867942948,18,28220350,160,0.481,0.936,0.885,1.000,0.965,0.929,0.905,0.935,0.922,0.975,0.551,0.583
ss1868037889,13,23212761,80,0.464,0.951,0.865,0.995,0.990,0.881,0.990,0.985,0.897,0.802,0.443,0.429
ss1868587975,20,50527130,200,0.651,0.995,1.000,1.000,1.000,0.969,1.000,1.000,1.000,0.847,0.517,0.571
ss1867953788,13,9348177,80,0.497,0.014,0.000,0.000,0.000,0.082,0.000,0.000,0.003,0.460,0.533,0.561
ss1868138125,1,4923058,80,0.532,0.047,0.050,0.000,0.080,0.155,0.000,0.000,0.089,0.391,0.590,0.515
ss1868486633,17,50833045,120,0.544,0.076,0.015,0.095,0.055,0.179,0.020,0.090,0.130,0.000,0.622,0.490
ss1868575617,8,19818741,80,0.446,0.934,1.000,0.900,0.935,0.791,1.000,0.980,0.909,0.790,0.439,0.455
ss1868616369,14,37009419,40,0.942,0.190,0.270,0.245,0.140,0.296,0.005,0.185,0.427,0.926,0.933,0.934
ss1868507129,21,20129951,40,0.295,0.915,0.810,1.000,1.000,0.696,1.000,0.985,0.633,0.668,0.361,0.313
ss1868474984,9,120105478,40,0.732,0.143,0.200,0.235,0.060,0.332,0.000,0.030,0.284,0.000,0.742,0.722
ss1868135814,1,119936059,40,0.147,0.888,0.830,0.955,0.930,0.655,1.000,0.960,0.765,0.287,0.174,0.179
ss1868568904,13,12466020,40,0.298,0.930,0.910,0.925,0.940,0.825,1.000,0.980,0.822,0.710,0.337,0.288
ss1868053977,14,60654079,40,0.596,0.003,0.000,0.010,0.000,0.010,0.000,0.000,0.002,0.000,0.453,0.516
ss1867986218,11,5696043,200,0.686,0.997,1.000,1.000,1.000,0.985,1.000,1.000,1.000,1.000,0.689,0.591
ss1868473920,20,33830591,40,0.265,0.886,0.750,0.930,1.000,0.633,1.000,1.000,0.856,0.787,0.189,0.248
ss1868094336,14,54325655,120,0.521,0.981,0.965,0.995,0.995,0.944,1.000,0.985,0.951,0.960,0.506,0.526
ss1868087467,2,43316105,40,0.327,0.892,0.790,1.000,0.785,0.787,1.000,0.990,0.246,0.292,0.300,0.263
ss1867951061,24,17041153,200,0.411,0.024,0.000,0.000,0.025,0.117,0.000,0.000,0.079,0.094,0.427,0.495
ss1868552487,18,23347293,40,0.685,0.115,0.065,0.030,0.460,0.134,0.000,0.000,0.126,0.000,0.702,0.647
ss1868148246,16,68122539,200,0.650,0.997,1.000,1.000,1.000,0.990,0.995,0.995,0.979,0.960,0.579,0.613
ss1868623424,10,24152392,40,0.578,0.036,0.000,0.000,0.000,0.139,0.075,0.000,0.094,0.649,0.561,0.587
ss1868381995,1,34142111,80,0.426,0.945,0.930,1.000,1.000,0.796,1.000,0.945,0.689,0.080,0.385,0.423
ss1868051054,16,42025831,80,0.450,0.945,0.965,1.000,1.000,0.745,1.000,0.960,0.875,0.425,0.405,0.427
ss1868125579,21,14435254,160,0.545,0.096,0.000,0.000,0.000,0.245,0.105,0.225,0.104,0.240,0.512,0.590
ss1868150669,5,22283713,120,0.486,0.960,1.000,0.990,1.000,0.849,0.935,0.985,1.000,0.906,0.444,0.393
ss1868438997,1,34403491,80,0.496,0.980,1.000,0.965,0.970,0.943,1.000,1.000,1.000,0.725,0.471,0.479
ss1868088784,21,38821034,80,0.460,0.963,1.000,1.000,1.000,0.779,1.000,1.000,0.963,0.435,0.425,0.350
ss1868428338,9,96285389,80,0.544,0.041,0.105,0.000,0.000,0.143,0.000,0.000,0.000,0.158,0.489,0.546
ss1867966279,10,67921632,120,0.504,0.978,1.000,0.935,1.000,0.932,1.000,1.000,0.920,1.000,0.530,0.521
ss1867974582,12,62540290,200,0.671,0.995,1.000,1.000,1.000,0.980,0.995,0.995,0.970,0.995,0.648,0.612
ss1868544509,21,19962971,120,0.541,0.072,0.045,0.120,0.040,0.184,0.000,0.040,0.000,0.223,0.607,0.588
ss1868421879,9,111480036,160,0.509,0.952,1.000,1.000,1.000,0.797,0.980,0.935,0.832,1.000,0.442,0.449
ss1868053072,6,59750902,160,0.519,0.954,0.895,0.940,1.000,0.888,1.000,1.000,0.929,0.604,0.444,0.495
ss1868084881,20,63108194,80,0.472,0.994,1.000,1.000,1.000,0.969,0.995,1.000,0.962,1.000,0.409,0.432
ss1868483898,3,37885790,200,0.584,0.983,0.975,1.000,1.000,0.923,1.000,1.000,1.000,0.792,0.583,0.552
ss1867968666,15,5513200,160,0.475,0.042,0.060,0.000,0.065,0.128,0.000,0.000,0.018,0.302,0.422,0.515
ss1868507075,14,80079011,40,0.218,0.901,0.860,0.840,0.945,0.784,1.000,0.975,0.695,0.665,0.206,0.268
ss1868089757,18,53602543,120,0.470,0.948,0.945,0.875,0.950,0.918,1.000,1.000,0.877,0.990,0.442,0.400
ss1867968924,10,113044144,80,0.547,0.061,0.085,0.060,0.000,0.193,0.000,0.030,0.318,0.530,0.461,0.540
ss1868557951,9,128714848,40,0.739,0.135,0.070,0.070,0.050,0.111,0.250,0.260,0.495,0.792,0.685,0.740
ss1868607845,11,19429358,160,0.495,0.947,1.000,0.900,0.895,0.912,0.975,1.000,1.000,1.000,0.328,0.485
ss1868600139,10,9297659,120,0.458,0.916,0.945,0.835,0.830,0.913,1.000,0.970,0.992,0.866,0.439,0.500
ss1868593243,9,18236334,160,0.446,0.008,0.000,0.005,0.000,0.041,0.000,0.000,0.000,0.168,0.488,0.479
ss1868087854,11,57624452,160,0.542,0.979,1.000,0.980,1.000,0.892,1.000,1.000,0.893,0.391,0.489,0.556
ss1868518742,1,21418795,200,0.581,0.988,1.000,1.000,1.000,0.929,1.000,1.000,0.999,0.465,0.533,0.535
ss1868493714,20,33023623,120,0.514,0.049,0.015,0.100,0.130,0.031,0.005,0.015,0.000,0.020,0.600,0.469
ss1868544991,1,78560590,40,0.380,0.961,1.000,0.925,1.000,0.840,1.000,1.000,0.852,0.668,0.550,0.424
ss1868107148,26,23880707,120,0.505,0.984,1.000,1.000,1.000,0.902,1.000,1.000,1.000,0.965,0.506,0.454
ss1868538555,29,35802690,200,0.562,0.970,1.000,1.000,0.945,0.875,1.000,1.000,0.903,0.510,0.506,0.537
ss1868601181,14,64759806,160,0.521,0.065,0.035,0.115,0.160,0.079,0.000,0.000,0.216,0.064,0.539,0.542
ss1868079005,28,22574968,160,0.519,0.965,1.000,1.000,0.940,0.849,1.000,1.000,0.883,0.980,0.528,0.542
ss1868585665,5,39892701,120,0.537,0.070,0.130,0.000,0.000,0.289,0.000,0.000,0.000,0.475,0.640,0.606
ss1867939881,1,26023165,160,0.451,0.016,0.010,0.000,0.000,0.084,0.000,0.000,0.215,0.556,0.413,0.372
ss1868496033,1,118219224,80,0.431,0.924,0.885,0.850,0.990,0.818,1.000,1.000,0.846,0.827,0.436,0.444
ss1867931990,24,1256296,40,0.757,0.103,0.250,0.015,0.000,0.330,0.000,0.025,0.615,0.673,0.724,0.755
ss1868525050,15,48674454,120,0.466,0.000,0.000,0.000,0.000,0.000,0.000,0.000,0.000,0.045,0.428,0.495
ss1868511776,1,122288508,160,0.505,0.956,0.970,0.860,0.965,0.939,1.000,1.000,1.000,0.683,0.483,0.515
ss1868562650,3,59636946,120,0.465,0.937,0.920,1.000,0.995,0.784,1.000,0.920,0.579,0.830,0.518,0.626
ss1868572068,13,53063407,80,0.473,0.962,0.995,1.000,0.930,0.847,1.000,1.000,1.000,0.955,0.477,0.419
ss1868129391,18,27149646,40,0.566,0.035,0.025,0.080,0.000,0.103,0.000,0.000,0.000,0.015,0.583,0.520
ss1868507667,25,47109186,40,0.537,0.000,0.000,0.000,0.000,0.000,0.000,0.000,0.000,1.000,0.714,0.592
ss1868656394,13,74995992,120,0.473,0.942,0.955,0.875,0.975,0.857,1.000,0.990,1.000,0.881,0.478,0.490
ss1868736586,1,48877890,80,0.431,0.962,1.000,1.000,0.855,0.915,1.000,1.000,1.000,0.926,0.426,0.360
ss1868174519,6,38922226,160,0.468,0.017,0.000,0.005,0.005,0.054,0.035,0.005,0.035,0.130,0.317,0.396
ss1868767567,10,74573457,40,0.325,0.955,1.000,1.000,0.845,0.949,0.965,0.970,0.949,0.738,0.343,0.357
ss1868364297,4,47723800,120,0.455,0.934,0.940,0.870,0.935,0.893,1.000,0.965,0.714,0.585,0.413,0.444
ss1868678135,13,75054448,160,0.478,0.044,0.000,0.000,0.005,0.258,0.000,0.000,0.321,0.317,0.461,0.520
ss1868781975,15,60041935,40,0.779,0.154,0.260,0.000,0.250,0.416,0.000,0.000,0.437,0.178,0.724,0.771
ss1867932527,3,32131658,120,0.540,0.066,0.125,0.030,0.000,0.240,0.000,0.000,0.084,0.510,0.580,0.599
ss1868827486,28,16117958,160,0.493,0.045,0.070,0.025,0.000,0.173,0.000,0.000,0.001,0.223,0.500,0.418
ss1868669490,22,44220604,40,0.436,0.977,1.000,1.000,0.980,0.881,1.000,1.000,0.969,1.000,0.406,0.364
ss1868701397,12,66573889,80,0.563,0.052,0.025,0.080,0.000,0.204,0.000,0.000,0.059,0.470,0.528,0.576
ss1868356986,22,20099868,40,0.651,0.041,0.025,0.095,0.040,0.087,0.000,0.000,0.000,0.000,0.663,0.680
ss1868817925,10,74999562,80,0.515,0.022,0.055,0.000,0.000,0.077,0.000,0.000,0.000,0.000,0.444,0.510
ss1868825809,29,28079170,200,0.537,0.954,1.000,1.000,0.825,0.898,1.000,1.000,1.000,0.723,0.550,0.429
ss1868185197,25,14898668,200,0.684,0.998,1.000,0.995,1.000,0.995,1.000,1.000,1.000,0.911,0.644,0.621
ss1868671005,19,11425598,200,0.307,0.003,0.000,0.000,0.000,0.015,0.000,0.000,0.000,0.000,0.350,0.369
ss1868341128,7,18025303,160,0.522,0.957,0.990,0.995,0.975,0.857,1.000,0.925,0.886,0.090,0.539,0.551
ss1868640972,3,77441097,200,0.480,0.057,0.000,0.135,0.000,0.206,0.000,0.000,0.040,0.891,0.517,0.535
ss1868346793,6,35896819,160,0.462,0.913,1.000,0.840,0.990,0.897,0.760,0.990,0.911,0.960,0.413,0.460
ss1868288190,22,18354574,80,0.455,0.941,0.955,0.860,0.910,0.923,1.000,1.000,0.981,0.228,0.456,0.510
ss1868774522,10,75405791,40,0.422,0.992,1.000,0.995,1.000,0.959,1.000,1.000,0.999,1.000,0.534,0.480
ss1868176505,24,19771340,120,0.481,0.964,1.000,0.915,1.000,0.871,1.000,1.000,0.818,0.955,0.500,0.495
ss1868174431,26,26409791,120,0.493,0.030,0.015,0.025,0.000,0.138,0.000,0.005,0.126,0.139,0.472,0.505
ss1868343163,9,110470336,160,0.490,0.063,0.015,0.075,0.140,0.072,0.075,0.000,0.022,0.688,0.560,0.485
ss1868172177,3,74849205,80,0.457,0.948,0.945,1.000,0.965,0.811,1.000,0.965,0.831,0.421,0.477,0.454
ss1868634302,13,20068423,80,0.454,0.944,1.000,1.000,0.755,0.908,1.000,1.000,0.850,0.515,0.399,0.470
ss1868336006,9,94380510,200,0.380,0.003,0.000,0.010,0.000,0.010,0.000,0.000,0.000,0.010,0.489,0.404
ss1868832656,4,8962961,200,0.546,0.953,1.000,0.955,1.000,0.765,1.000,1.000,1.000,0.683,0.394,0.449
ss1868177889,14,82333794,200,0.639,0.991,1.000,1.000,1.000,0.943,1.000,1.000,1.000,1.000,0.594,0.571
ss1868202163,14,14812965,160,0.555,0.984,1.000,1.000,1.000,0.905,1.000,1.000,0.978,0.812,0.522,0.609
ss1868789669,26,28874573,80,0.526,0.031,0.000,0.000,0.000,0.133,0.005,0.050,0.086,0.327,0.544,0.561
ss1868177842,10,17816159,80,0.439,0.924,0.910,0.905,0.925,0.857,0.970,0.975,0.956,0.847,0.439,0.455
ss1868791748,9,47767250,200,0.362,0.005,0.005,0.005,0.000,0.005,0.005,0.010,0.016,0.129,0.467,0.418
ss1868853749,2,24687448,120,0.524,0.992,1.000,1.000,1.000,0.951,1.000,1.000,0.779,0.985,0.433,0.425
ss1868652573,3,28611282,80,0.441,0.943,0.930,0.935,0.925,0.867,1.000,1.000,0.974,0.248,0.467,0.455
ss1867926219,9,18247124,120,0.459,0.937,0.920,0.985,0.895,0.820,1.000,1.000,0.854,0.757,0.409,0.413
ss1868361228,10,74876229,160,0.539,0.994,1.000,0.990,1.000,0.974,1.000,1.000,0.997,0.926,0.556,0.546
ss1868247870,10,29094542,200,0.139,0.000,0.000,0.000,0.000,0.000,0.000,0.000,0.000,0.282,0.189,0.212
ss1868624501,13,44831795,120,0.517,0.052,0.045,0.110,0.090,0.037,0.015,0.015,0.000,0.000,0.483,0.510
ss1868307220,26,25803272,200,0.426,0.022,0.005,0.000,0.000,0.047,0.045,0.035,0.047,0.132,0.282,0.374
ss1868744383,11,14462494,120,0.453,0.920,0.940,0.875,0.850,0.856,1.000,1.000,1.000,0.990,0.428,0.419
ss1868371067,5,23716955,40,0.313,0.939,0.995,1.000,1.000,0.641,1.000,1.000,0.729,0.360,0.332,0.309
ss1868816244,13,75131717,40,0.817,0.190,0.580,0.125,0.045,0.346,0.000,0.045,0.299,0.230,0.722,0.719
ss1868190066,6,67985911,40,0.758,0.017,0.005,0.040,0.020,0.036,0.000,0.000,0.000,0.000,0.699,0.719
ss1868716819,26,26959215,120,0.475,0.957,0.990,0.955,1.000,0.797,1.000,1.000,1.000,1.000,0.395,0.341
ss1868677539,14,55372440,120,0.505,0.969,0.975,0.965,1.000,0.872,1.000,1.000,0.951,1.000,0.528,0.475
ss1868789331,28,21420972,160,0.544,0.969,1.000,0.935,1.000,0.879,1.000,1.000,0.967,1.000,0.578,0.505
ss1868182623,14,23949580,40,0.642,0.083,0.060,0.165,0.030,0.245,0.000,0.000,0.161,0.287,0.633,0.657
ss1868651846,10,36953584,40,0.414,0.972,0.975,0.970,0.935,0.959,1.000,0.995,0.967,0.896,0.403,0.403
ss1868694726,24,34413403,80,0.512,0.024,0.000,0.010,0.010,0.031,0.045,0.045,0.043,0.000,0.460,0.510
ss1868194443,3,71873683,160,0.541,0.971,1.000,0.920,0.995,0.912,1.000,1.000,0.953,0.305,0.524,0.500
ss1868677940,1,131145845,40,0.583,0.002,0.000,0.000,0.000,0.010,0.000,0.000,0.000,0.203,0.600,0.617
ss1868774216,10,31656208,40,0.394,0.954,1.000,0.905,0.895,0.923,1.000,1.000,0.884,0.391,0.350,0.379
ss1868627525,14,34122185,200,0.703,1.000,1.000,1.000,1.000,1.000,1.000,1.000,0.996,1.000,0.653,0.612
ss1868760381,26,19760548,40,0.833,0.027,0.020,0.030,0.020,0.092,0.000,0.000,0.000,0.312,0.747,0.755
ss1868650428,25,34076649,40,0.343,0.919,0.960,0.965,0.975,0.765,0.930,0.920,0.932,0.990,0.300,0.369
ss1868334810,16,16929834,120,0.461,0.935,0.840,0.945,1.000,0.844,0.990,0.990,0.985,0.782,0.500,0.475
ss1868763930,23,30834730,200,0.388,0.014,0.000,0.000,0.000,0.082,0.000,0.000,0.000,0.267,0.467,0.415
ss1868251619,12,34300273,120,0.443,0.914,0.955,0.770,0.890,0.868,1.000,1.000,1.000,1.000,0.517,0.516
ss1868302138,15,41862662,80,0.448,0.933,0.945,0.835,0.960,0.912,0.990,0.955,0.961,0.100,0.399,0.459
ss1868204079,26,21021412,200,0.408,0.014,0.000,0.015,0.000,0.066,0.000,0.000,0.000,0.109,0.421,0.459
ss1868836558,22,7476623,200,0.638,0.990,1.000,0.945,1.000,0.995,1.000,1.000,1.000,0.980,0.539,0.510
ss1868751189,1,50787973,120,0.502,0.023,0.000,0.000,0.000,0.138,0.000,0.000,0.000,0.218,0.440,0.489
ss1868343883,4,47547709,200,0.370,0.004,0.000,0.000,0.000,0.027,0.000,0.000,0.000,0.277,0.379,0.417
ss1868267866,24,1447519,160,0.514,0.955,0.950,1.000,0.940,0.842,1.000,1.000,0.931,0.340,0.425,0.443
ss1868715887,18,56287845,120,0.552,0.090,0.000,0.145,0.250,0.143,0.000,0.000,0.084,0.446,0.500,0.571
ss1868360113,16,68995251,160,0.554,0.986,1.000,0.960,1.000,0.958,1.000,1.000,1.000,0.995,0.547,0.479
ss1868687735,5,34714986,80,0.528,0.040,0.080,0.000,0.000,0.161,0.000,0.000,0.197,0.540,0.500,0.490
ss1868262960,21,51628593,40,0.800,0.010,0.000,0.020,0.010,0.031,0.000,0.000,0.010,0.000,0.693,0.712
ss1868164197,3,40345304,40,0.565,0.024,0.005,0.000,0.000,0.137,0.000,0.000,0.048,0.485,0.525,0.618
ss1868848221,13,76458677,120,0.554,0.078,0.170,0.155,0.000,0.143,0.000,0.000,0.088,0.396,0.545,0.561
ss1868819810,14,54648128,120,0.521,0.986,1.000,1.000,0.960,0.959,1.000,1.000,1.000,0.936,0.494,0.460
ss1868852414,12,34228476,160,0.498,0.051,0.025,0.145,0.025,0.112,0.000,0.000,0.000,0.020,0.494,0.500
ss1868778326,9,84418281,200,0.412,0.015,0.000,0.000,0.000,0.089,0.000,0.000,0.128,0.866,0.389,0.429
ss1868771168,25,11878066,160,0.517,0.950,1.000,1.000,0.810,0.893,1.000,1.000,0.839,0.901,0.411,0.480
ss1868629600,18,13865314,40,0.346,0.982,1.000,0.940,1.000,0.959,1.000,0.995,1.000,0.965,0.326,0.304
ss1868282866,9,138981665,160,0.555,0.992,1.000,0.990,0.990,0.974,1.000,1.000,1.000,1.000,0.568,0.500
ss1868854112,17,26953835,200,0.468,0.049,0.025,0.000,0.000,0.268,0.000,0.000,0.000,0.010,0.567,0.576
ss1868724976,13,55810840,200,0.389,0.014,0.015,0.000,0.000,0.066,0.000,0.000,0.000,0.070,0.389,0.409
ss1868340899,23,33618853,40,0.976,0.370,0.450,0.220,0.570,0.500,0.190,0.290,0.543,0.410,0.989,0.970
ss1868664720,12,26385028,80,0.493,0.990,1.000,0.960,1.000,0.985,0.995,1.000,0.975,0.574,0.494,0.444
ss1868657698,24,12438834,120,0.556,0.098,0.295,0.000,0.000,0.291,0.000,0.000,0.132,0.350,0.589,0.525
ss1868161341,10,64124914,80,0.459,0.989,1.000,0.990,0.980,0.964,1.000,1.000,0.983,0.881,0.478,0.412
ss1868812870,5,22651975,40,0.617,0.049,0.000,0.135,0.025,0.010,0.110,0.015,0.000,0.154,0.650,0.667
ss1868197352,9,103878152,200,0.650,0.997,1.000,1.000,1.000,0.979,1.000,1.000,1.000,0.658,0.590,0.561
ss1868157902,21,43563036,120,0.449,0.915,0.895,0.925,0.825,0.857,1.000,0.985,0.835,0.599,0.478,0.404
ss1868299689,18,66384983,160,0.507,0.960,1.000,1.000,1.000,0.760,1.000,1.000,0.799,0.842,0.367,0.394
ss1868813847,1,136083409,160,0.544,0.976,1.000,0.945,0.980,0.929,1.000,1.000,1.000,0.797,0.450,0.515
ss1868269806,24,11076310,200,0.349,0.007,0.000,0.000,0.000,0.041,0.000,0.000,0.000,0.000,0.417,0.397
ss1868293299,1,82375595,160,0.563,0.987,1.000,0.965,0.990,0.969,1.000,1.000,0.996,1.000,0.534,0.601
ss1868322699,8,21975867,120,0.046,0.518,0.420,0.625,0.285,0.479,0.735,0.565,0.443,1.000,0.050,0.081
ss1868302410,13,22190818,40,0.296,0.900,0.950,0.965,0.795,0.742,1.000,0.945,0.877,0.624,0.299,0.273
ss1868770974,1,23889109,200,0.368,0.009,0.000,0.000,0.000,0.051,0.000,0.000,0.037,0.555,0.424,0.431
ss1868834288,11,23243405,200,0.667,0.993,1.000,1.000,1.000,0.964,1.000,0.995,0.987,1.000,0.589,0.611
ss1868786884,14,61143589,80,0.486,0.984,1.000,0.970,0.980,0.959,0.995,1.000,1.000,0.807,0.589,0.566
ss1868356030,8,18547677,160,0.493,0.943,0.910,1.000,1.000,0.786,0.965,1.000,0.861,0.248,0.439,0.424
ss1868355732,13,27569672,200,0.522,0.938,0.990,1.000,1.000,0.640,1.000,1.000,0.717,0.713,0.401,0.466
ss1868161617,13,71002063,120,0.559,0.101,0.000,0.350,0.130,0.051,0.000,0.075,0.094,0.361,0.589,0.571
ss1868161176,24,12087263,80,0.434,0.933,0.960,0.970,0.935,0.895,0.895,0.945,0.942,0.990,0.394,0.434
ss1868311714,18,24221747,80,0.946,0.457,0.325,0.525,0.420,0.479,0.515,0.480,0.792,0.975,0.906,0.939
ss1868341763,15,40916691,80,0.541,0.052,0.080,0.010,0.050,0.170,0.000,0.000,0.046,0.000,0.517,0.520
ss1868830848,22,6536553,120,0.457,0.924,0.905,0.875,0.920,0.902,0.960,0.980,1.000,0.916,0.489,0.438
ss1867932833,12,61546935,200,0.626,0.989,1.000,1.000,1.000,0.933,1.000,1.000,0.954,0.441,0.631,0.546
ss1868732897,15,52839625,80,0.473,0.958,1.000,1.000,0.920,0.842,1.000,0.985,0.932,0.470,0.467,0.495
ss1868186897,3,28082212,200,0.330,0.008,0.000,0.000,0.000,0.046,0.000,0.000,0.000,0.025,0.383,0.376
ss1868763550,10,19256242,160,0.491,0.057,0.035,0.000,0.000,0.229,0.025,0.055,0.096,0.470,0.489,0.510
ss1868286712,13,53947168,80,0.439,0.963,0.920,0.990,1.000,0.878,1.000,0.990,0.843,1.000,0.483,0.389
ss1868339637,29,13224812,80,0.439,0.933,0.935,1.000,0.820,0.842,1.000,1.000,0.826,0.302,0.494,0.369
