chr,cM,misassembled,old.scaffold.name,new.scaffold.name,start,end,length,cum.bp.chr,cum.bp.genome,shortScaff
1,0,no,supercont1.166,supercont1.166,0,2012222,2012222,2012222,2012222,sc1.166
1,0,yes,supercont1.222,supercont1.222a,0,321904,321904,2334126,2334126,sc1.222a
1,0,no,supercont1.267,supercont1.267,0,1546120,1546120,3880246,3880246,sc1.267
1,0,no,supercont1.272,supercont1.272,0,1480619,1480619,5360865,5360865,sc1.272
1,0,no,supercont1.296,supercont1.296,0,1393133,1393133,6753998,6753998,sc1.296
1,0,no,supercont1.327,supercont1.327,0,1288320,1288320,8042318,8042318,sc1.327
1,0,no,supercont1.398,supercont1.398,0,1090722,1090722,9133040,9133040,sc1.398
1,0,no,supercont1.461,supercont1.461,0,978611,978611,10111651,10111651,sc1.461
1,0,yes,supercont1.48,supercont1.48b,1298832,1423177,124345,10235996,10235996,sc1.48b
1,0,no,supercont1.487,supercont1.487,0,1027667,1027667,11263663,11263663,sc1.487
1,0,no,supercont1.512,supercont1.512,0,982904,982904,12246567,12246567,sc1.512
1,0,no,supercont1.696,supercont1.696,0,759005,759005,13005572,13005572,sc1.696
1,0,yes,supercont1.97,supercont1.97b,1038837,2754592,1715755,14721327,14721327,sc1.97b
1,0,no,supercont1.970,supercont1.970,0,325323,325323,15046650,15046650,sc1.970
1,4.47,no,supercont1.1025,supercont1.1025,0,279509,279509,15326159,15326159,sc1.1025
1,4.47,no,supercont1.1076,supercont1.1076,0,259488,259488,15585647,15585647,sc1.1076
1,4.47,no,supercont1.1138,supercont1.1138,0,220170,220170,15805817,15805817,sc1.1138
1,4.47,yes,supercont1.122,supercont1.122a,0,184381,184381,15990198,15990198,sc1.122a
1,4.47,yes,supercont1.245,supercont1.245b,1404802,1696409,291607,16281805,16281805,sc1.245b
1,4.47,yes,supercont1.252,supercont1.252b,1520315,1592843,72528,16354333,16354333,sc1.252b
1,4.47,no,supercont1.288,supercont1.288,0,1557290,1557290,17911623,17911623,sc1.288
1,4.47,no,supercont1.300,supercont1.300,0,1467236,1467236,19378859,19378859,sc1.300
1,4.47,no,supercont1.331,supercont1.331,0,1329638,1329638,20708497,20708497,sc1.331
1,4.47,no,supercont1.415,supercont1.415,0,1112054,1112054,21820551,21820551,sc1.415
1,4.47,yes,supercont1.45,supercont1.45a,0,128088,128088,21948639,21948639,sc1.45a
1,4.47,no,supercont1.925,supercont1.925,0,406895,406895,22355534,22355534,sc1.925
1,8.691,no,supercont1.428,supercont1.428,0,1034842,1034842,23390376,23390376,sc1.428
1,12.537,no,supercont1.156,supercont1.156,0,2106494,2106494,25496870,25496870,sc1.156
1,12.537,yes,supercont1.222,supercont1.222b,1087537,1795534,707997,26204867,26204867,sc1.222b
1,12.537,no,supercont1.295,supercont1.295,0,1404970,1404970,27609837,27609837,sc1.295
1,12.537,no,supercont1.318,supercont1.318,0,1339553,1339553,28949390,28949390,sc1.318
1,12.537,yes,supercont1.32,supercont1.32b,313509,328984,15475,28964865,28964865,sc1.32b
1,12.537,no,supercont1.576,supercont1.576,0,733731,733731,29698596,29698596,sc1.576
1,12.537,no,supercont1.672,supercont1.672,0,601292,601292,30299888,30299888,sc1.672
1,12.537,no,supercont1.700,supercont1.700,0,581074,581074,30880962,30880962,sc1.700
1,18.675,no,supercont1.176,supercont1.176,0,2016409,2016409,32897371,32897371,sc1.176
1,18.675,yes,supercont1.26,supercont1.26a,0,1301894,1301894,34199265,34199265,sc1.26a
1,18.675,no,supercont1.33,supercont1.33,0,3689457,3689457,37888722,37888722,sc1.33
1,18.675,no,supercont1.373,supercont1.373,0,1210988,1210988,39099710,39099710,sc1.373
1,20.105,no,supercont1.127,supercont1.127,0,2370492,2370492,41470202,41470202,sc1.127
1,21.535,yes,supercont1.106,supercont1.106a,0,2447182,2447182,43917384,43917384,sc1.106a
1,21.535,no,supercont1.1062,supercont1.1062,0,320638,320638,44238022,44238022,sc1.1062
1,21.535,no,supercont1.123,supercont1.123,0,2410060,2410060,46648082,46648082,sc1.123
1,21.535,yes,supercont1.125,supercont1.125a,0,710864,710864,47358946,47358946,sc1.125a
1,21.535,yes,supercont1.130,supercont1.130b,1521951,2489063,967112,48326058,48326058,sc1.130b
1,21.535,no,supercont1.1438,supercont1.1438,0,82188,82188,48408246,48408246,sc1.1438
1,21.535,no,supercont1.147,supercont1.147,0,2138830,2138830,50547076,50547076,sc1.147
1,21.535,no,supercont1.160,supercont1.160,0,2408894,2408894,52955970,52955970,sc1.160
1,21.535,no,supercont1.171,supercont1.171,0,2025736,2025736,54981706,54981706,sc1.171
1,21.535,yes,supercont1.174,supercont1.174b,1070576,1986401,915825,55897531,55897531,sc1.174b
1,21.535,no,supercont1.175,supercont1.175,0,2006868,2006868,57904399,57904399,sc1.175
1,21.535,no,supercont1.188,supercont1.188,0,1935975,1935975,59840374,59840374,sc1.188
1,21.535,no,supercont1.192,supercont1.192,0,1864021,1864021,61704395,61704395,sc1.192
1,21.535,no,supercont1.199,supercont1.199,0,1892278,1892278,63596673,63596673,sc1.199
1,21.535,yes,supercont1.2,supercont1.2b,1697163,5729030,4031867,67628540,67628540,sc1.2b
1,21.535,yes,supercont1.20,supercont1.20b,3012303,4138018,1125715,68754255,68754255,sc1.20b
1,21.535,no,supercont1.212,supercont1.212,0,1858332,1858332,70612587,70612587,sc1.212
1,21.535,no,supercont1.218,supercont1.218,0,1785985,1785985,72398572,72398572,sc1.218
1,21.535,yes,supercont1.22,supercont1.22a,0,549342,549342,72947914,72947914,sc1.22a
1,21.535,no,supercont1.232,supercont1.232,0,1763874,1763874,74711788,74711788,sc1.232
1,21.535,no,supercont1.234,supercont1.234,0,1732108,1732108,76443896,76443896,sc1.234
1,21.535,no,supercont1.258,supercont1.258,0,1556043,1556043,77999939,77999939,sc1.258
1,21.535,no,supercont1.260,supercont1.260,0,1562005,1562005,79561944,79561944,sc1.260
1,21.535,no,supercont1.264,supercont1.264,0,1639318,1639318,81201262,81201262,sc1.264
1,21.535,no,supercont1.270,supercont1.270,0,1516553,1516553,82717815,82717815,sc1.270
1,21.535,yes,supercont1.29,supercont1.29a,0,1377634,1377634,84095449,84095449,sc1.29a
1,21.535,no,supercont1.294,supercont1.294,0,1426023,1426023,85521472,85521472,sc1.294
1,21.535,no,supercont1.308,supercont1.308,0,1401467,1401467,86922939,86922939,sc1.308
1,21.535,no,supercont1.323,supercont1.323,0,1316576,1316576,88239515,88239515,sc1.323
1,21.535,no,supercont1.326,supercont1.326,0,1381451,1381451,89620966,89620966,sc1.326
1,21.535,no,supercont1.346,supercont1.346,0,1247450,1247450,90868416,90868416,sc1.346
1,21.535,no,supercont1.37,supercont1.37,0,3744586,3744586,94613002,94613002,sc1.37
1,21.535,no,supercont1.388,supercont1.388,0,1135229,1135229,95748231,95748231,sc1.388
1,21.535,no,supercont1.397,supercont1.397,0,1138263,1138263,96886494,96886494,sc1.397
1,21.535,no,supercont1.402,supercont1.402,0,1092227,1092227,97978721,97978721,sc1.402
1,21.535,no,supercont1.414,supercont1.414,0,1096716,1096716,99075437,99075437,sc1.414
1,21.535,no,supercont1.437,supercont1.437,0,993775,993775,100069212,100069212,sc1.437
1,21.535,no,supercont1.449,supercont1.449,0,988145,988145,101057357,101057357,sc1.449
1,21.535,no,supercont1.479,supercont1.479,0,900854,900854,101958211,101958211,sc1.479
1,21.535,no,supercont1.508,supercont1.508,0,920430,920430,102878641,102878641,sc1.508
1,21.535,no,supercont1.523,supercont1.523,0,826673,826673,103705314,103705314,sc1.523
1,21.535,no,supercont1.56,supercont1.56,0,3188272,3188272,106893586,106893586,sc1.56
1,21.535,yes,supercont1.567,supercont1.567c,652998,745105,92107,106985693,106985693,sc1.567c
1,21.535,no,supercont1.608,supercont1.608,0,698497,698497,107684190,107684190,sc1.608
1,21.535,no,supercont1.619,supercont1.619,0,686650,686650,108370840,108370840,sc1.619
1,21.535,no,supercont1.622,supercont1.622,0,679726,679726,109050566,109050566,sc1.622
1,21.535,no,supercont1.647,supercont1.647,0,655402,655402,109705968,109705968,sc1.647
1,21.535,no,supercont1.659,supercont1.659,0,629611,629611,110335579,110335579,sc1.659
1,21.535,yes,supercont1.66,supercont1.66a,0,1853327,1853327,112188906,112188906,sc1.66a
1,21.535,no,supercont1.670,supercont1.670,0,612104,612104,112801010,112801010,sc1.670
1,21.535,no,supercont1.699,supercont1.699,0,589657,589657,113390667,113390667,sc1.699
1,21.535,yes,supercont1.74,supercont1.74b,1983184,2917482,934298,114324965,114324965,sc1.74b
1,21.535,no,supercont1.75,supercont1.75,0,2975254,2975254,117300219,117300219,sc1.75
1,21.535,no,supercont1.752,supercont1.752,0,534290,534290,117834509,117834509,sc1.752
1,21.535,no,supercont1.820,supercont1.820,0,471406,471406,118305915,118305915,sc1.820
1,21.535,no,supercont1.838,supercont1.838,0,478299,478299,118784214,118784214,sc1.838
1,21.535,yes,supercont1.84,supercont1.84b,2645185,2919364,274179,119058393,119058393,sc1.84b
1,21.535,no,supercont1.863,supercont1.863,0,409763,409763,119468156,119468156,sc1.863
1,21.535,no,supercont1.905,supercont1.905,0,376108,376108,119844264,119844264,sc1.905
1,21.535,no,supercont1.93,supercont1.93,0,2851803,2851803,122696067,122696067,sc1.93
1,21.535,no,supercont1.932,supercont1.932,0,371432,371432,123067499,123067499,sc1.932
1,21.535,yes,supercont1.97,supercont1.97a,0,104859,104859,123172358,123172358,sc1.97a
1,21.535,no,supercont1.991,supercont1.991,0,301048,301048,123473406,123473406,sc1.991
1,21.535,no,supercont1.993,supercont1.993,0,306531,306531,123779937,123779937,sc1.993
1,24.396,yes,supercont1.1,supercont1.1a,0,419719,419719,124199656,124199656,sc1.1a
1,24.396,no,supercont1.100,supercont1.100,0,2644574,2644574,126844230,126844230,sc1.100
1,24.396,no,supercont1.1002,supercont1.1002,0,296325,296325,127140555,127140555,sc1.1002
1,24.396,no,supercont1.1162,supercont1.1162,0,224611,224611,127365166,127365166,sc1.1162
1,24.396,no,supercont1.117,supercont1.117,0,2495114,2495114,129860280,129860280,sc1.117
1,24.396,no,supercont1.155,supercont1.155,0,2087417,2087417,131947697,131947697,sc1.155
1,24.396,no,supercont1.335,supercont1.335,0,1337774,1337774,133285471,133285471,sc1.335
1,24.396,no,supercont1.370,supercont1.370,0,1154612,1154612,134440083,134440083,sc1.370
1,24.396,no,supercont1.50,supercont1.50,0,3200609,3200609,137640692,137640692,sc1.50
1,24.396,no,supercont1.501,supercont1.501,0,855566,855566,138496258,138496258,sc1.501
1,24.396,no,supercont1.521,supercont1.521,0,849217,849217,139345475,139345475,sc1.521
1,24.396,yes,supercont1.67,supercont1.67a,0,1576315,1576315,140921790,140921790,sc1.67a
1,24.396,no,supercont1.730,supercont1.730,0,582506,582506,141504296,141504296,sc1.730
1,24.396,yes,supercont1.88,supercont1.88b,1953303,2707514,754211,142258507,142258507,sc1.88b
1,24.396,no,supercont1.906,supercont1.906,0,379794,379794,142638301,142638301,sc1.906
1,24.396,yes,supercont1.96,supercont1.96a,0,2239022,2239022,144877323,144877323,sc1.96a
1,25.8735,no,supercont1.70,supercont1.70,0,2929944,2929944,147807267,147807267,sc1.70
1,27.351,no,supercont1.181,supercont1.181,0,1928061,1928061,149735328,149735328,sc1.181
1,34.336,yes,supercont1.252,supercont1.252a,0,672846,672846,150408174,150408174,sc1.252a
1,40.366,no,supercont1.190,supercont1.190,0,1893275,1893275,152301449,152301449,sc1.190
1,40.366,no,supercont1.73,supercont1.73,0,2899062,2899062,155200511,155200511,sc1.73
1,45.369,no,supercont1.1142,supercont1.1142,0,244533,244533,155445044,155445044,sc1.1142
1,45.369,no,supercont1.133,supercont1.133,0,2339188,2339188,157784232,157784232,sc1.133
1,45.369,no,supercont1.281,supercont1.281,0,1451347,1451347,159235579,159235579,sc1.281
1,45.369,yes,supercont1.293,supercont1.293a,0,404155,404155,159639734,159639734,sc1.293a
1,45.369,no,supercont1.429,supercont1.429,0,1044207,1044207,160683941,160683941,sc1.429
1,45.369,yes,supercont1.465,supercont1.465a,0,105683,105683,160789624,160789624,sc1.465a
1,45.369,no,supercont1.476,supercont1.476,0,938795,938795,161728419,161728419,sc1.476
1,45.369,no,supercont1.480,supercont1.480,0,904131,904131,162632550,162632550,sc1.480
1,45.369,no,supercont1.632,supercont1.632,0,653225,653225,163285775,163285775,sc1.632
1,45.369,no,supercont1.650,supercont1.650,0,647669,647669,163933444,163933444,sc1.650
1,45.369,no,supercont1.688,supercont1.688,0,597518,597518,164530962,164530962,sc1.688
1,45.369,no,supercont1.702,supercont1.702,0,614976,614976,165145938,165145938,sc1.702
1,45.369,no,supercont1.767,supercont1.767,0,523571,523571,165669509,165669509,sc1.767
1,45.369,no,supercont1.80,supercont1.80,0,2848369,2848369,168517878,168517878,sc1.80
1,45.369,no,supercont1.920,supercont1.920,0,366980,366980,168884858,168884858,sc1.920
1,49.189,no,supercont1.285,supercont1.285,0,1495757,1495757,170380615,170380615,sc1.285
1,49.189,no,supercont1.367,supercont1.367,0,1163131,1163131,171543746,171543746,sc1.367
1,49.189,yes,supercont1.82,supercont1.82b,2157704,2859376,701672,172245418,172245418,sc1.82b
1,54.179,yes,supercont1.125,supercont1.125b,887329,2472376,1585047,173830465,173830465,sc1.125b
1,54.179,yes,supercont1.22,supercont1.22b,2806911,4100794,1293883,175124348,175124348,sc1.22b
1,54.179,no,supercont1.438,supercont1.438,0,1121788,1121788,176246136,176246136,sc1.438
1,54.179,no,supercont1.681,supercont1.681,0,626384,626384,176872520,176872520,sc1.681
1,,unknown,supercont1.265,supercont1.265,,,,,,sc1.265
1,,unknown,supercont1.488,supercont1.488,,,,,,sc1.488
1,,unknown,supercont1.713,supercont1.713,,,,,,sc1.713
1,,unknown,supercont1.1051,supercont1.1051,,,,,,sc1.1051
1,,unknown,supercont1.1327,supercont1.1327,,,,,,sc1.1327
1,,unknown,supercont1.1194,supercont1.1194,,,,,,sc1.1194
1,,unknown,supercont1.153,supercont1.153,,,,,,sc1.153
1,,unknown,supercont1.966,supercont1.966,,,,,,sc1.966
1,,unknown,supercont1.1111,supercont1.1111,,,,,,sc1.1111
1,,unknown,supercont1.561,supercont1.561,,,,,,sc1.561
1,,unknown,supercont1.698,supercont1.698,,,,,,sc1.698
1,,unknown,supercont1.837,supercont1.837,,,,,,sc1.837
1,,unknown,supercont1.929,supercont1.929,,,,,,sc1.929
1,,unknown,supercont1.1049,supercont1.1049,,,,,,sc1.1049
1,,unknown,supercont1.534,supercont1.534,,,,,,sc1.534
1,,unknown,supercont1.746,supercont1.746,,,,,,sc1.746
2,0,yes,supercont1.145,supercont1.145b,1194763,2217386,1022623,1022623,177895143,sc1.145b
2,0,no,supercont1.183,supercont1.183,0,1899110,1899110,2921733,179794253,sc1.183
2,0,yes,supercont1.20,supercont1.20a,0,2034360,2034360,4956093,181828613,sc1.20a
2,0,no,supercont1.306,supercont1.306,0,1398852,1398852,6354945,183227465,sc1.306
2,0,no,supercont1.341,supercont1.341,0,1236773,1236773,7591718,184464238,sc1.341
2,0,no,supercont1.356,supercont1.356,0,1286069,1286069,8877787,185750307,sc1.356
2,0,no,supercont1.584,supercont1.584,0,838166,838166,9715953,186588473,sc1.584
2,8.657,no,supercont1.225,supercont1.225,0,1723990,1723990,11439943,188312463,sc1.225
2,8.657,no,supercont1.36,supercont1.36,0,3595646,3595646,15035589,191908109,sc1.36
2,8.657,no,supercont1.484,supercont1.484,0,972122,972122,16007711,192880231,sc1.484
2,8.657,no,supercont1.661,supercont1.661,0,667038,667038,16674749,193547269,sc1.661
2,8.657,no,supercont1.833,supercont1.833,0,442803,442803,17117552,193990072,sc1.833
2,11.517,no,supercont1.471,supercont1.471,0,920497,920497,18038049,194910569,sc1.471
2,11.517,no,supercont1.624,supercont1.624,0,843261,843261,18881310,195753830,sc1.624
2,13.34,no,supercont1.52,supercont1.52,0,3212514,3212514,22093824,198966344,sc1.52
2,15.163,no,supercont1.1047,supercont1.1047,0,291777,291777,22385601,199258121,sc1.1047
2,15.163,no,supercont1.1054,supercont1.1054,0,256344,256344,22641945,199514465,sc1.1054
2,15.163,no,supercont1.124,supercont1.124,0,2397010,2397010,25038955,201911475,sc1.124
2,15.163,yes,supercont1.293,supercont1.293b,796405,1411600,615195,25654150,202526670,sc1.293b
2,15.163,no,supercont1.41,supercont1.41,0,3348252,3348252,29002402,205874922,sc1.41
2,15.163,no,supercont1.453,supercont1.453,0,997121,997121,29999523,206872043,sc1.453
2,15.163,no,supercont1.581,supercont1.581,0,760982,760982,30760505,207633025,sc1.581
2,15.163,no,supercont1.861,supercont1.861,0,436375,436375,31196880,208069400,sc1.861
2,21.697,yes,supercont1.291,supercont1.291a,0,615850,615850,31812730,208685250,sc1.291a
2,21.697,no,supercont1.319,supercont1.319,0,1366586,1366586,33179316,210051836,sc1.319
2,21.697,yes,supercont1.77,supercont1.77b,1563158,2908877,1345719,34525035,211397555,sc1.77b
2,23.127,no,supercont1.391,supercont1.391,0,1138338,1138338,35663373,212535893,sc1.391
2,27.234,yes,supercont1.32,supercont1.32c,329084,3742797,3413713,39077086,215949606,sc1.32c
2,29.911,no,supercont1.1038,supercont1.1038,0,267450,267450,39344536,216217056,sc1.1038
2,29.911,no,supercont1.15,supercont1.15,0,4333154,4333154,43677690,220550210,sc1.15
2,29.911,no,supercont1.195,supercont1.195,0,1866282,1866282,45543972,222416492,sc1.195
2,29.911,yes,supercont1.32,supercont1.32a,0,313409,313409,45857381,222729901,sc1.32a
2,29.911,yes,supercont1.380,supercont1.380a,0,181043,181043,46038424,222910944,sc1.380a
2,29.911,no,supercont1.720,supercont1.720,0,619506,619506,46657930,223530450,sc1.720
2,38.175,no,supercont1.210,supercont1.210,0,2048554,2048554,48706484,225579004,sc1.210
2,38.175,no,supercont1.257,supercont1.257,0,1653969,1653969,50360453,227232973,sc1.257
2,38.175,yes,supercont1.27,supercont1.27b,3264320,3799043,534723,50895176,227767696,sc1.27b
2,41.035,no,supercont1.1179,supercont1.1179,0,185283,185283,51080459,227952979,sc1.1179
2,41.035,no,supercont1.148,supercont1.148,0,2163576,2163576,53244035,230116555,sc1.148
2,41.035,yes,supercont1.58,supercont1.58a,0,198790,198790,53442825,230315345,sc1.58a
2,43.896,no,supercont1.219,supercont1.219,0,1777957,1777957,55220782,232093302,sc1.219
2,43.896,no,supercont1.39,supercont1.39,0,3590018,3590018,58810800,235683320,sc1.39
2,43.896,no,supercont1.585,supercont1.585,0,724511,724511,59535311,236407831,sc1.585
2,46.756,no,supercont1.1012,supercont1.1012,0,313854,313854,59849165,236721685,sc1.1012
2,46.756,no,supercont1.1059,supercont1.1059,0,270590,270590,60119755,236992275,sc1.1059
2,46.756,no,supercont1.112,supercont1.112,0,2520184,2520184,62639939,239512459,sc1.112
2,46.756,no,supercont1.132,supercont1.132,0,2355619,2355619,64995558,241868078,sc1.132
2,46.756,no,supercont1.1332,supercont1.1332,0,120007,120007,65115565,241988085,sc1.1332
2,46.756,yes,supercont1.145,supercont1.145a,0,522119,522119,65637684,242510204,sc1.145a
2,46.756,yes,supercont1.2,supercont1.2a,0,510583,510583,66148267,243020787,sc1.2a
2,46.756,yes,supercont1.204,supercont1.204b,1814925,1827752,12827,66161094,243033614,sc1.204b
2,46.756,no,supercont1.268,supercont1.268,0,1568215,1568215,67729309,244601829,sc1.268
2,46.756,no,supercont1.277,supercont1.277,0,1632801,1632801,69362110,246234630,sc1.277
2,46.756,no,supercont1.324,supercont1.324,0,1391024,1391024,70753134,247625654,sc1.324
2,46.756,no,supercont1.330,supercont1.330,0,1458457,1458457,72211591,249084111,sc1.330
2,46.756,no,supercont1.363,supercont1.363,0,1232851,1232851,73444442,250316962,sc1.363
2,46.756,no,supercont1.377,supercont1.377,0,1204331,1204331,74648773,251521293,sc1.377
2,46.756,no,supercont1.381,supercont1.381,0,1184037,1184037,75832810,252705330,sc1.381
2,46.756,yes,supercont1.401,supercont1.401b,893482,1215658,322176,76154986,253027506,sc1.401b
2,46.756,no,supercont1.482,supercont1.482,0,913351,913351,77068337,253940857,sc1.482
2,46.756,no,supercont1.517,supercont1.517,0,839867,839867,77908204,254780724,sc1.517
2,46.756,no,supercont1.588,supercont1.588,0,753446,753446,78661650,255534170,sc1.588
2,46.756,no,supercont1.604,supercont1.604,0,777527,777527,79439177,256311697,sc1.604
2,46.756,yes,supercont1.66,supercont1.66b,2899563,3011136,111573,79550750,256423270,sc1.66b
2,46.756,no,supercont1.677,supercont1.677,0,634724,634724,80185474,257057994,sc1.677
2,46.756,no,supercont1.716,supercont1.716,0,574296,574296,80759770,257632290,sc1.716
2,46.756,no,supercont1.769,supercont1.769,0,556352,556352,81316122,258188642,sc1.769
2,46.756,no,supercont1.815,supercont1.815,0,490585,490585,81806707,258679227,sc1.815
2,46.756,no,supercont1.849,supercont1.849,0,445385,445385,82252092,259124612,sc1.849
2,46.756,no,supercont1.851,supercont1.851,0,472387,472387,82724479,259596999,sc1.851
2,46.756,no,supercont1.879,supercont1.879,0,422257,422257,83146736,260019256,sc1.879
2,46.756,no,supercont1.908,supercont1.908,0,368978,368978,83515714,260388234,sc1.908
2,46.756,no,supercont1.918,supercont1.918,0,362023,362023,83877737,260750257,sc1.918
2,46.756,no,supercont1.948,supercont1.948,0,348446,348446,84226183,261098703,sc1.948
2,48.1925,yes,supercont1.6,supercont1.6a,0,1037981,1037981,85264164,262136684,sc1.6a
2,48.214,no,supercont1.422,supercont1.422,0,1181744,1181744,86445908,263318428,sc1.422
2,49.629,no,supercont1.1014,supercont1.1014,0,373147,373147,86819055,263691575,sc1.1014
2,49.629,yes,supercont1.106,supercont1.106b,2545342,2597682,52340,86871395,263743915,sc1.106b
2,49.629,no,supercont1.109,supercont1.109,0,2772702,2772702,89644097,266516617,sc1.109
2,49.629,no,supercont1.1110,supercont1.1110,0,245467,245467,89889564,266762084,sc1.1110
2,49.629,no,supercont1.1149,supercont1.1149,0,203358,203358,90092922,266965442,sc1.1149
2,49.629,no,supercont1.1169,supercont1.1169,0,220795,220795,90313717,267186237,sc1.1169
2,49.629,no,supercont1.1175,supercont1.1175,0,211498,211498,90525215,267397735,sc1.1175
2,49.629,no,supercont1.1268,supercont1.1268,0,145081,145081,90670296,267542816,sc1.1268
2,49.629,no,supercont1.142,supercont1.142,0,2333031,2333031,93003327,269875847,sc1.142
2,49.629,no,supercont1.1441,supercont1.1441,0,87299,87299,93090626,269963146,sc1.1441
2,49.629,no,supercont1.167,supercont1.167,0,2081902,2081902,95172528,272045048,sc1.167
2,49.629,no,supercont1.169,supercont1.169,0,1997338,1997338,97169866,274042386,sc1.169
2,49.629,no,supercont1.200,supercont1.200,0,1852562,1852562,99022428,275894948,sc1.200
2,49.629,no,supercont1.229,supercont1.229,0,1798060,1798060,100820488,277693008,sc1.229
2,49.629,no,supercont1.235,supercont1.235,0,1680400,1680400,102500888,279373408,sc1.235
2,49.629,no,supercont1.236,supercont1.236,0,1704329,1704329,104205217,281077737,sc1.236
2,49.629,no,supercont1.241,supercont1.241,0,1703019,1703019,105908236,282780756,sc1.241
2,49.629,no,supercont1.255,supercont1.255,0,1580955,1580955,107489191,284361711,sc1.255
2,49.629,no,supercont1.28,supercont1.28,0,3768427,3768427,111257618,288130138,sc1.28
2,49.629,no,supercont1.350,supercont1.350,0,1212686,1212686,112470304,289342824,sc1.350
2,49.629,no,supercont1.354,supercont1.354,0,1201341,1201341,113671645,290544165,sc1.354
2,49.629,no,supercont1.361,supercont1.361,0,1175926,1175926,114847571,291720091,sc1.361
2,49.629,yes,supercont1.364,supercont1.364a,0,269566,269566,115117137,291989657,sc1.364a
2,49.629,no,supercont1.383,supercont1.383,0,1214826,1214826,116331963,293204483,sc1.383
2,49.629,no,supercont1.412,supercont1.412,0,1112897,1112897,117444860,294317380,sc1.412
2,49.629,no,supercont1.42,supercont1.42,0,3389925,3389925,120834785,297707305,sc1.42
2,49.629,no,supercont1.431,supercont1.431,0,1008374,1008374,121843159,298715679,sc1.431
2,49.629,no,supercont1.433,supercont1.433,0,997572,997572,122840731,299713251,sc1.433
2,49.629,no,supercont1.455,supercont1.455,0,940345,940345,123781076,300653596,sc1.455
2,49.629,yes,supercont1.46,supercont1.46b,2271880,3321798,1049918,124830994,301703514,sc1.46b
2,49.629,no,supercont1.462,supercont1.462,0,933138,933138,125764132,302636652,sc1.462
2,49.629,no,supercont1.474,supercont1.474,0,955697,955697,126719829,303592349,sc1.474
2,49.629,no,supercont1.495,supercont1.495,0,916069,916069,127635898,304508418,sc1.495
2,49.629,no,supercont1.497,supercont1.497,0,891408,891408,128527306,305399826,sc1.497
2,49.629,no,supercont1.511,supercont1.511,0,892902,892902,129420208,306292728,sc1.511
2,49.629,no,supercont1.527,supercont1.527,0,805749,805749,130225957,307098477,sc1.527
2,49.629,no,supercont1.530,supercont1.530,0,806668,806668,131032625,307905145,sc1.530
2,49.629,no,supercont1.553,supercont1.553,0,820643,820643,131853268,308725788,sc1.553
2,49.629,no,supercont1.559,supercont1.559,0,771649,771649,132624917,309497437,sc1.559
2,49.629,no,supercont1.594,supercont1.594,0,711596,711596,133336513,310209033,sc1.594
2,49.629,no,supercont1.610,supercont1.610,0,700856,700856,134037369,310909889,sc1.610
2,49.629,no,supercont1.623,supercont1.623,0,711158,711158,134748527,311621047,sc1.623
2,49.629,no,supercont1.625,supercont1.625,0,722122,722122,135470649,312343169,sc1.625
2,49.629,no,supercont1.635,supercont1.635,0,671787,671787,136142436,313014956,sc1.635
2,49.629,no,supercont1.653,supercont1.653,0,645461,645461,136787897,313660417,sc1.653
2,49.629,no,supercont1.655,supercont1.655,0,643698,643698,137431595,314304115,sc1.655
2,49.629,no,supercont1.663,supercont1.663,0,613800,613800,138045395,314917915,sc1.663
2,49.629,no,supercont1.674,supercont1.674,0,640560,640560,138685955,315558475,sc1.674
2,49.629,no,supercont1.685,supercont1.685,0,595194,595194,139281149,316153669,sc1.685
2,49.629,yes,supercont1.78,supercont1.78b,2227503,2909025,681522,139962671,316835191,sc1.78b
2,49.629,no,supercont1.793,supercont1.793,0,591304,591304,140553975,317426495,sc1.793
2,49.629,no,supercont1.799,supercont1.799,0,566430,566430,141120405,317992925,sc1.799
2,49.629,yes,supercont1.8,supercont1.8b,4590814,4905038,314224,141434629,318307149,sc1.8b
2,49.629,no,supercont1.805,supercont1.805,0,594860,594860,142029489,318902009,sc1.805
2,49.629,no,supercont1.819,supercont1.819,0,524630,524630,142554119,319426639,sc1.819
2,49.629,no,supercont1.826,supercont1.826,0,463006,463006,143017125,319889645,sc1.826
2,49.629,no,supercont1.829,supercont1.829,0,581409,581409,143598534,320471054,sc1.829
2,49.629,no,supercont1.832,supercont1.832,0,517474,517474,144116008,320988528,sc1.832
2,49.629,no,supercont1.839,supercont1.839,0,450118,450118,144566126,321438646,sc1.839
2,49.629,no,supercont1.847,supercont1.847,0,492547,492547,145058673,321931193,sc1.847
2,49.629,no,supercont1.857,supercont1.857,0,418029,418029,145476702,322349222,sc1.857
2,49.629,no,supercont1.860,supercont1.860,0,479458,479458,145956160,322828680,sc1.860
2,49.629,no,supercont1.95,supercont1.95,0,2788767,2788767,148744927,325617447,sc1.95
2,49.629,no,supercont1.986,supercont1.986,0,314934,314934,149059861,325932381,sc1.986
2,49.644,yes,supercont1.48,supercont1.48c,2106094,3355344,1249250,150309111,327181631,sc1.48c
2,49.644,no,supercont1.90,supercont1.90,0,2860138,2860138,153169249,330041769,sc1.90
2,51.0805,no,supercont1.11,supercont1.11,0,4706946,4706946,157876195,334748715,sc1.11
2,51.0805,no,supercont1.137,supercont1.137,0,2239969,2239969,160116164,336988684,sc1.137
2,52.525,no,supercont1.24,supercont1.24,0,4087421,4087421,164203585,341076105,sc1.24
2,52.525,no,supercont1.515,supercont1.515,0,857086,857086,165060671,341933191,sc1.515
2,52.532,no,supercont1.103,supercont1.103,0,2623108,2623108,167683779,344556299,sc1.103
2,52.532,no,supercont1.1058,supercont1.1058,0,255568,255568,167939347,344811867,sc1.1058
2,52.532,no,supercont1.1064,supercont1.1064,0,318656,318656,168258003,345130523,sc1.1064
2,52.532,yes,supercont1.108,supercont1.108a,0,1171445,1171445,169429448,346301968,sc1.108a
2,52.532,no,supercont1.1082,supercont1.1082,0,242587,242587,169672035,346544555,sc1.1082
2,52.532,no,supercont1.113,supercont1.113,0,2495981,2495981,172168016,349040536,sc1.113
2,52.532,no,supercont1.1168,supercont1.1168,0,191961,191961,172359977,349232497,sc1.1168
2,52.532,yes,supercont1.12,supercont1.12a,0,561349,561349,172921326,349793846,sc1.12a
2,52.532,yes,supercont1.122,supercont1.122b,369571,2401221,2031650,174952976,351825496,sc1.122b
2,52.532,no,supercont1.1266,supercont1.1266,0,180683,180683,175133659,352006179,sc1.1266
2,52.532,no,supercont1.1325,supercont1.1325,0,123962,123962,175257621,352130141,sc1.1325
2,52.532,no,supercont1.1330,supercont1.1330,0,118789,118789,175376410,352248930,sc1.1330
2,52.532,no,supercont1.135,supercont1.135,0,2306847,2306847,177683257,354555777,sc1.135
2,52.532,no,supercont1.1380,supercont1.1380,0,104976,104976,177788233,354660753,sc1.1380
2,52.532,no,supercont1.1440,supercont1.1440,0,172649,172649,177960882,354833402,sc1.1440
2,52.532,no,supercont1.151,supercont1.151,0,2103471,2103471,180064353,356936873,sc1.151
2,52.532,no,supercont1.154,supercont1.154,0,2089133,2089133,182153486,359026006,sc1.154
2,52.532,no,supercont1.157,supercont1.157,0,2064756,2064756,184218242,361090762,sc1.157
2,52.532,yes,supercont1.16,supercont1.16b,4225780,4402401,176621,184394863,361267383,sc1.16b
2,52.532,yes,supercont1.172,supercont1.172a,0,675374,675374,185070237,361942757,sc1.172a
2,52.532,yes,supercont1.19,supercont1.19a,0,23462,23462,185093699,361966219,sc1.19a
2,52.532,yes,supercont1.196,supercont1.196b,1517575,1880505,362930,185456629,362329149,sc1.196b
2,52.532,no,supercont1.198,supercont1.198,0,1849039,1849039,187305668,364178188,sc1.198
2,52.532,yes,supercont1.215,supercont1.215b,1062225,1803762,741537,188047205,364919725,sc1.215b
2,52.532,yes,supercont1.228,supercont1.228a,0,430810,430810,188478015,365350535,sc1.228a
2,52.532,no,supercont1.231,supercont1.231,0,1750236,1750236,190228251,367100771,sc1.231
2,52.532,no,supercont1.237,supercont1.237,0,1754865,1754865,191983116,368855636,sc1.237
2,52.532,no,supercont1.238,supercont1.238,0,1698524,1698524,193681640,370554160,sc1.238
2,52.532,no,supercont1.251,supercont1.251,0,1562530,1562530,195244170,372116690,sc1.251
2,52.532,no,supercont1.259,supercont1.259,0,1579804,1579804,196823974,373696494,sc1.259
2,52.532,no,supercont1.263,supercont1.263,0,1557198,1557198,198381172,375253692,sc1.263
2,52.532,no,supercont1.274,supercont1.274,0,1490669,1490669,199871841,376744361,sc1.274
2,52.532,no,supercont1.279,supercont1.279,0,1534177,1534177,201406018,378278538,sc1.279
2,52.532,no,supercont1.284,supercont1.284,0,1500899,1500899,202906917,379779437,sc1.284
2,52.532,no,supercont1.299,supercont1.299,0,1389101,1389101,204296018,381168538,sc1.299
2,52.532,yes,supercont1.3,supercont1.3a,0,288060,288060,204584078,381456598,sc1.3a
2,52.532,no,supercont1.305,supercont1.305,0,1379243,1379243,205963321,382835841,sc1.305
2,52.532,yes,supercont1.31,supercont1.31a,0,2012292,2012292,207975613,384848133,sc1.31a
2,52.532,yes,supercont1.310,supercont1.310b,1395237,1509481,114244,208089857,384962377,sc1.310b
2,52.532,no,supercont1.314,supercont1.314,0,1358904,1358904,209448761,386321281,sc1.314
2,52.532,no,supercont1.338,supercont1.338,0,1244558,1244558,210693319,387565839,sc1.338
2,52.532,no,supercont1.34,supercont1.34,0,3684238,3684238,214377557,391250077,sc1.34
2,52.532,no,supercont1.340,supercont1.340,0,1254338,1254338,215631895,392504415,sc1.340
2,52.532,no,supercont1.352,supercont1.352,0,1201835,1201835,216833730,393706250,sc1.352
2,52.532,no,supercont1.366,supercont1.366,0,1160760,1160760,217994490,394867010,sc1.366
2,52.532,no,supercont1.38,supercont1.38,0,3498553,3498553,221493043,398365563,sc1.38
2,52.532,yes,supercont1.380,supercont1.380b,811777,1220987,409210,221902253,398774773,sc1.380b
2,52.532,no,supercont1.385,supercont1.385,0,1140532,1140532,223042785,399915305,sc1.385
2,52.532,no,supercont1.395,supercont1.395,0,1152404,1152404,224195189,401067709,sc1.395
2,52.532,no,supercont1.44,supercont1.44,0,3232429,3232429,227427618,404300138,sc1.44
2,52.532,no,supercont1.452,supercont1.452,0,980233,980233,228407851,405280371,sc1.452
2,52.532,no,supercont1.456,supercont1.456,0,945809,945809,229353660,406226180,sc1.456
2,52.532,yes,supercont1.492,supercont1.492a,0,93968,93968,229447628,406320148,sc1.492a
2,52.532,no,supercont1.537,supercont1.537,0,865038,865038,230312666,407185186,sc1.537
2,52.532,no,supercont1.539,supercont1.539,0,799121,799121,231111787,407984307,sc1.539
2,52.532,no,supercont1.541,supercont1.541,0,819817,819817,231931604,408804124,sc1.541
2,52.532,no,supercont1.547,supercont1.547,0,796800,796800,232728404,409600924,sc1.547
2,52.532,no,supercont1.562,supercont1.562,0,746419,746419,233474823,410347343,sc1.562
2,52.532,yes,supercont1.567,supercont1.567a,0,80800,80800,233555623,410428143,sc1.567a
2,52.532,no,supercont1.573,supercont1.573,0,735818,735818,234291441,411163961,sc1.573
2,52.532,no,supercont1.600,supercont1.600,0,757201,757201,235048642,411921162,sc1.600
2,52.532,no,supercont1.62,supercont1.62,0,3065330,3065330,238113972,414986492,sc1.62
2,52.532,no,supercont1.637,supercont1.637,0,654705,654705,238768677,415641197,sc1.637
2,52.532,no,supercont1.640,supercont1.640,0,644299,644299,239412976,416285496,sc1.640
2,52.532,no,supercont1.660,supercont1.660,0,651216,651216,240064192,416936712,sc1.660
2,52.532,no,supercont1.701,supercont1.701,0,646738,646738,240710930,417583450,sc1.701
2,52.532,no,supercont1.719,supercont1.719,0,645030,645030,241355960,418228480,sc1.719
2,52.532,no,supercont1.757,supercont1.757,0,517511,517511,241873471,418745991,sc1.757
2,52.532,no,supercont1.76,supercont1.76,0,2906033,2906033,244779504,421652024,sc1.76
2,52.532,yes,supercont1.77,supercont1.77a,0,1172189,1172189,245951693,422824213,sc1.77a
2,52.532,no,supercont1.827,supercont1.827,0,455992,455992,246407685,423280205,sc1.827
2,52.532,yes,supercont1.88,supercont1.88a,0,695490,695490,247103175,423975695,sc1.88a
2,52.532,no,supercont1.89,supercont1.89,0,2856899,2856899,249960074,426832594,sc1.89
2,52.532,no,supercont1.992,supercont1.992,0,309324,309324,250269398,427141918,sc1.992
2,53.9765,no,supercont1.55,supercont1.55,0,3141549,3141549,253410947,430283467,sc1.55
2,55.421,no,supercont1.1001,supercont1.1001,0,297461,297461,253708408,430580928,sc1.1001
2,55.421,no,supercont1.1023,supercont1.1023,0,280649,280649,253989057,430861577,sc1.1023
2,55.421,no,supercont1.1143,supercont1.1143,0,209802,209802,254198859,431071379,sc1.1143
2,55.421,no,supercont1.170,supercont1.170,0,2080708,2080708,256279567,433152087,sc1.170
2,55.421,no,supercont1.216,supercont1.216,0,1816664,1816664,258096231,434968751,sc1.216
2,55.421,no,supercont1.226,supercont1.226,0,1779605,1779605,259875836,436748356,sc1.226
2,55.421,no,supercont1.242,supercont1.242,0,1687076,1687076,261562912,438435432,sc1.242
2,55.421,no,supercont1.246,supercont1.246,0,1607634,1607634,263170546,440043066,sc1.246
2,55.421,no,supercont1.248,supercont1.248,0,1685694,1685694,264856240,441728760,sc1.248
2,55.421,no,supercont1.262,supercont1.262,0,1636816,1636816,266493056,443365576,sc1.262
2,55.421,no,supercont1.309,supercont1.309,0,1345217,1345217,267838273,444710793,sc1.309
2,55.421,no,supercont1.317,supercont1.317,0,1421195,1421195,269259468,446131988,sc1.317
2,55.421,no,supercont1.342,supercont1.342,0,1344886,1344886,270604354,447476874,sc1.342
2,55.421,no,supercont1.372,supercont1.372,0,1227132,1227132,271831486,448704006,sc1.372
2,55.421,no,supercont1.468,supercont1.468,0,938223,938223,272769709,449642229,sc1.468
2,55.421,no,supercont1.503,supercont1.503,0,963440,963440,273733149,450605669,sc1.503
2,55.421,no,supercont1.507,supercont1.507,0,845243,845243,274578392,451450912,sc1.507
2,55.421,yes,supercont1.550,supercont1.550a,0,96978,96978,274675370,451547890,sc1.550a
2,55.421,no,supercont1.668,supercont1.668,0,614529,614529,275289899,452162419,sc1.668
2,55.421,no,supercont1.705,supercont1.705,0,585181,585181,275875080,452747600,sc1.705
2,55.421,no,supercont1.775,supercont1.775,0,545229,545229,276420309,453292829,sc1.775
2,55.421,no,supercont1.778,supercont1.778,0,532037,532037,276952346,453824866,sc1.778
2,55.421,no,supercont1.785,supercont1.785,0,500896,500896,277453242,454325762,sc1.785
2,55.421,no,supercont1.811,supercont1.811,0,470301,470301,277923543,454796063,sc1.811
2,55.421,no,supercont1.92,supercont1.92,0,2802290,2802290,280725833,457598353,sc1.92
2,55.421,no,supercont1.963,supercont1.963,0,460217,460217,281186050,458058570,sc1.963
2,55.421,no,supercont1.995,supercont1.995,0,302732,302732,281488782,458361302,sc1.995
2,58.962,yes,supercont1.291,supercont1.291b,768482,1518496,750014,282238796,459111316,sc1.291b
2,58.962,no,supercont1.334,supercont1.334,0,1263900,1263900,283502696,460375216,sc1.334
2,58.962,no,supercont1.466,supercont1.466,0,931078,931078,284433774,461306294,sc1.466
2,58.962,yes,supercont1.48,supercont1.48a,0,400183,400183,284833957,461706477,sc1.48a
2,58.962,no,supercont1.505,supercont1.505,0,917149,917149,285751106,462623626,sc1.505
2,58.962,no,supercont1.578,supercont1.578,0,733981,733981,286485087,463357607,sc1.578
2,58.962,no,supercont1.711,supercont1.711,0,639267,639267,287124354,463996874,sc1.711
2,58.962,no,supercont1.756,supercont1.756,0,522933,522933,287647287,464519807,sc1.756
2,58.962,yes,supercont1.82,supercont1.82a,0,552462,552462,288199749,465072269,sc1.82a
2,58.962,no,supercont1.897,supercont1.897,0,381812,381812,288581561,465454081,sc1.897
2,58.962,no,supercont1.898,supercont1.898,0,386945,386945,288968506,465841026,sc1.898
2,62.4165,yes,supercont1.6,supercont1.6b,2662741,3332815,670074,289638580,466511100,sc1.6b
2,65.871,yes,supercont1.114,supercont1.114a,0,1891556,1891556,291530136,468402656,sc1.114a
2,65.871,no,supercont1.1203,supercont1.1203,0,172842,172842,291702978,468575498,sc1.1203
2,65.871,yes,supercont1.143,supercont1.143b,2088351,2167940,79589,291782567,468655087,sc1.143b
2,65.871,no,supercont1.168,supercont1.168,0,1992380,1992380,293774947,470647467,sc1.168
2,65.871,yes,supercont1.269,supercont1.269b,1246181,1593547,347366,294122313,470994833,sc1.269b
2,65.871,yes,supercont1.27,supercont1.27a,0,2369776,2369776,296492089,473364609,sc1.27a
2,65.871,yes,supercont1.31,supercont1.31b,2468185,3687466,1219281,297711370,474583890,sc1.31b
2,65.871,no,supercont1.329,supercont1.329,0,1327481,1327481,299038851,475911371,sc1.329
2,65.871,no,supercont1.426,supercont1.426,0,1138293,1138293,300177144,477049664,sc1.426
2,65.871,no,supercont1.43,supercont1.43,0,3274742,3274742,303451886,480324406,sc1.43
2,65.871,yes,supercont1.45,supercont1.45b,128188,3214345,3086157,306538043,483410563,sc1.45b
2,65.871,no,supercont1.457,supercont1.457,0,950089,950089,307488132,484360652,sc1.457
2,65.871,no,supercont1.626,supercont1.626,0,657578,657578,308145710,485018230,sc1.626
2,65.871,no,supercont1.801,supercont1.801,0,484074,484074,308629784,485502304,sc1.801
2,70.322,no,supercont1.1057,supercont1.1057,0,255498,255498,308885282,485757802,sc1.1057
2,70.322,no,supercont1.230,supercont1.230,0,1726262,1726262,310611544,487484064,sc1.230
2,70.322,no,supercont1.609,supercont1.609,0,726457,726457,311338001,488210521,sc1.609
2,70.322,yes,supercont1.84,supercont1.84a,0,2296943,2296943,313634944,490507464,sc1.84a
2,73.499,no,supercont1.1196,supercont1.1196,0,172864,172864,313807808,490680328,sc1.1196
2,73.499,yes,supercont1.12,supercont1.12b,4310322,4526317,215995,314023803,490896323,sc1.12b
2,73.499,yes,supercont1.204,supercont1.204a,0,1583629,1583629,315607432,492479952,sc1.204a
2,73.499,no,supercont1.239,supercont1.239,0,1627255,1627255,317234687,494107207,sc1.239
2,73.499,no,supercont1.244,supercont1.244,0,1610334,1610334,318845021,495717541,sc1.244
2,73.499,no,supercont1.25,supercont1.25,0,3904351,3904351,322749372,499621892,sc1.25
2,73.499,no,supercont1.292,supercont1.292,0,1406973,1406973,324156345,501028865,sc1.292
2,73.499,no,supercont1.360,supercont1.360,0,1233783,1233783,325390128,502262648,sc1.360
2,73.499,no,supercont1.371,supercont1.371,0,1152622,1152622,326542750,503415270,sc1.371
2,73.499,no,supercont1.448,supercont1.448,0,1015361,1015361,327558111,504430631,sc1.448
2,73.499,no,supercont1.47,supercont1.47,0,3187850,3187850,330745961,507618481,sc1.47
2,73.499,no,supercont1.496,supercont1.496,0,862150,862150,331608111,508480631,sc1.496
2,73.499,no,supercont1.63,supercont1.63,0,2994130,2994130,334602241,511474761,sc1.63
2,73.499,yes,supercont1.649,supercont1.649b,209702,691746,482044,335084285,511956805,sc1.649b
2,78.1065,no,supercont1.173,supercont1.173,0,1959865,1959865,337044150,513916670,sc1.173
2,79.537,yes,supercont1.172,supercont1.172b,1354171,2090550,736379,337780529,514653049,sc1.172b
2,79.537,no,supercont1.938,supercont1.938,0,443532,443532,338224061,515096581,sc1.938
2,83.827,no,supercont1.40,supercont1.40,0,3402887,3402887,341626948,518499468,sc1.40
2,85.257,no,supercont1.121,supercont1.121,0,2378472,2378472,344005420,520877940,sc1.121
2,85.257,no,supercont1.139,supercont1.139,0,2181600,2181600,346187020,523059540,sc1.139
2,85.257,yes,supercont1.29,supercont1.29c,1946299,3855786,1909487,348096507,524969027,sc1.29c
2,85.257,no,supercont1.337,supercont1.337,0,1377315,1377315,349473822,526346342,sc1.337
2,85.257,no,supercont1.486,supercont1.486,0,903415,903415,350377237,527249757,sc1.486
2,85.257,no,supercont1.628,supercont1.628,0,655292,655292,351032529,527905049,sc1.628
2,85.257,no,supercont1.842,supercont1.842,0,429919,429919,351462448,528334968,sc1.842
2,88.1265,no,supercont1.14,supercont1.14,0,4341222,4341222,355803670,532676190,sc1.14
2,90.996,no,supercont1.1372,supercont1.1372,0,105334,105334,355909004,532781524,sc1.1372
2,90.996,no,supercont1.209,supercont1.209,0,1779872,1779872,357688876,534561396,sc1.209
2,90.996,no,supercont1.213,supercont1.213,0,1750228,1750228,359439104,536311624,sc1.213
2,90.996,no,supercont1.286,supercont1.286,0,1444863,1444863,360883967,537756487,sc1.286
2,90.996,no,supercont1.64,supercont1.64,0,2929083,2929083,363813050,540685570,sc1.64
2,,unknown,supercont1.368,supercont1.368,,,,,,sc1.368
2,,unknown,supercont1.712,supercont1.712,,,,,,sc1.712
2,,unknown,supercont1.781,supercont1.781,,,,,,sc1.781
2,,unknown,supercont1.134,supercont1.134,,,,,,sc1.134
2,,unknown,supercont1.1046,supercont1.1046,,,,,,sc1.1046
2,,unknown,supercont1.1070,supercont1.1070,,,,,,sc1.1070
2,,unknown,supercont1.1115,supercont1.1115,,,,,,sc1.1115
2,,unknown,supercont1.1345,supercont1.1345,,,,,,sc1.1345
2,,unknown,supercont1.1362,supercont1.1362,,,,,,sc1.1362
2,,unknown,supercont1.2180,supercont1.2180,,,,,,sc1.2180
2,,unknown,supercont1.332,supercont1.332,,,,,,sc1.332
2,,unknown,supercont1.403,supercont1.403,,,,,,sc1.403
2,,unknown,supercont1.493,supercont1.493,,,,,,sc1.493
2,,unknown,supercont1.644,supercont1.644,,,,,,sc1.644
2,,unknown,supercont1.782,supercont1.782,,,,,,sc1.782
2,,unknown,supercont1.817,supercont1.817,,,,,,sc1.817
2,,unknown,supercont1.878,supercont1.878,,,,,,sc1.878
2,,unknown,supercont1.977,supercont1.977,,,,,,sc1.977
2,,unknown,supercont1.1249,supercont1.1249,,,,,,sc1.1249
2,,unknown,supercont1.617,supercont1.617,,,,,,sc1.617
2,,unknown,supercont1.1016,supercont1.1016,,,,,,sc1.1016
2,,unknown,supercont1.1121,supercont1.1121,,,,,,sc1.1121
2,,unknown,supercont1.1155,supercont1.1155,,,,,,sc1.1155
2,,unknown,supercont1.981,supercont1.981,,,,,,sc1.981
2,,unknown,supercont1.439,supercont1.439,,,,,,sc1.439
2,,unknown,supercont1.675,supercont1.675,,,,,,sc1.675
2,,unknown,supercont1.797,supercont1.797,,,,,,sc1.797
2,,unknown,supercont1.1415,supercont1.1415,,,,,,sc1.1415
2,,unknown,supercont1.205,supercont1.205,,,,,,sc1.205
2,,unknown,supercont1.651,supercont1.651,,,,,,sc1.651
3,0,no,supercont1.165,supercont1.165,0,1992430,1992430,1992430,542678000,sc1.165
3,0,no,supercont1.266,supercont1.266,0,1514738,1514738,3507168,544192738,sc1.266
3,0,no,supercont1.396,supercont1.396,0,1219807,1219807,4726975,545412545,sc1.396
3,0,no,supercont1.417,supercont1.417,0,1056600,1056600,5783575,546469145,sc1.417
3,0,no,supercont1.432,supercont1.432,0,985012,985012,6768587,547454157,sc1.432
3,0,no,supercont1.725,supercont1.725,0,584737,584737,7353324,548038894,sc1.725
3,5.829,yes,supercont1.186,supercont1.186b,1523212,1957664,434452,7787776,548473346,sc1.186b
3,5.829,no,supercont1.351,supercont1.351,0,1223003,1223003,9010779,549696349,sc1.351
3,5.829,no,supercont1.910,supercont1.910,0,360521,360521,9371300,550056870,sc1.910
3,5.829,no,supercont1.961,supercont1.961,0,321943,321943,9693243,550378813,sc1.961
3,7.326,no,supercont1.101,supercont1.101,0,2937510,2937510,12630753,553316323,sc1.101
3,8.823,no,supercont1.1113,supercont1.1113,0,227180,227180,12857933,553543503,sc1.1113
3,8.823,yes,supercont1.196,supercont1.196a,0,1078641,1078641,13936574,554622144,sc1.196a
3,8.823,no,supercont1.320,supercont1.320,0,1307916,1307916,15244490,555930060,sc1.320
3,8.823,no,supercont1.413,supercont1.413,0,1040022,1040022,16284512,556970082,sc1.413
3,8.823,no,supercont1.460,supercont1.460,0,1104480,1104480,17388992,558074562,sc1.460
3,8.823,no,supercont1.542,supercont1.542,0,789223,789223,18178215,558863785,sc1.542
3,8.823,yes,supercont1.74,supercont1.74a,0,1531251,1531251,19709466,560395036,sc1.74a
3,8.823,no,supercont1.754,supercont1.754,0,517981,517981,20227447,560913017,sc1.754
3,11.818,no,supercont1.1094,supercont1.1094,0,245409,245409,20472856,561158426,sc1.1094
3,11.818,no,supercont1.365,supercont1.365,0,1161285,1161285,21634141,562319711,sc1.365
3,11.818,no,supercont1.729,supercont1.729,0,547274,547274,22181415,562866985,sc1.729
3,11.818,no,supercont1.831,supercont1.831,0,436739,436739,22618154,563303724,sc1.831
3,14.678,no,supercont1.211,supercont1.211,0,1879041,1879041,24497195,565182765,sc1.211
3,14.678,yes,supercont1.364,supercont1.364b,883949,1162622,278673,24775868,565461438,sc1.364b
3,14.678,no,supercont1.638,supercont1.638,0,697426,697426,25473294,566158864,sc1.638
3,14.678,yes,supercont1.687,supercont1.687a,0,368821,368821,25842115,566527685,sc1.687a
3,17.538,no,supercont1.30,supercont1.30,0,3879053,3879053,29721168,570406738,sc1.30
3,17.538,no,supercont1.528,supercont1.528,0,825711,825711,30546879,571232449,sc1.528
3,20.398,yes,supercont1.114,supercont1.114b,2081435,2490165,408730,30955609,571641179,sc1.114b
3,20.398,no,supercont1.1224,supercont1.1224,0,252921,252921,31208530,571894100,sc1.1224
3,20.398,no,supercont1.21,supercont1.21,0,4040890,4040890,35249420,575934990,sc1.21
3,20.398,no,supercont1.510,supercont1.510,0,871965,871965,36121385,576806955,sc1.510
3,20.398,yes,supercont1.550,supercont1.550b,719018,982118,263100,36384485,577070055,sc1.550b
3,20.398,no,supercont1.671,supercont1.671,0,634834,634834,37019319,577704889,sc1.671
3,20.398,no,supercont1.971,supercont1.971,0,313087,313087,37332406,578017976,sc1.971
3,23.259,no,supercont1.526,supercont1.526,0,809769,809769,38142175,578827745,sc1.526
3,26.119,no,supercont1.159,supercont1.159,0,2117153,2117153,40259328,580944898,sc1.159
3,26.119,yes,supercont1.290,supercont1.290b,1072550,1591575,519025,40778353,581463923,sc1.290b
3,28.979,no,supercont1.141,supercont1.141,0,2185411,2185411,42963764,583649334,sc1.141
3,28.979,no,supercont1.191,supercont1.191,0,1926971,1926971,44890735,585576305,sc1.191
3,28.979,yes,supercont1.26,supercont1.26b,3620918,3818823,197905,45088640,585774210,sc1.26b
3,28.979,no,supercont1.477,supercont1.477,0,943092,943092,46031732,586717302,sc1.477
3,28.979,no,supercont1.549,supercont1.549,0,774577,774577,46806309,587491879,sc1.549
3,28.979,no,supercont1.744,supercont1.744,0,530424,530424,47336733,588022303,sc1.744
3,28.979,no,supercont1.85,supercont1.85,0,2749456,2749456,50086189,590771759,sc1.85
3,28.979,no,supercont1.94,supercont1.94,0,2735815,2735815,52822004,593507574,sc1.94
3,31.105,no,supercont1.297,supercont1.297,0,1400883,1400883,54222887,594908457,sc1.297
3,33.231,yes,supercont1.1,supercont1.1b,3964642,5856339,1891697,56114584,596800154,sc1.1b
3,33.231,no,supercont1.102,supercont1.102,0,2665163,2665163,58779747,599465317,sc1.102
3,33.231,no,supercont1.1044,supercont1.1044,0,264097,264097,59043844,599729414,sc1.1044
3,33.231,yes,supercont1.108,supercont1.108b,2004760,2638595,633835,59677679,600363249,sc1.108b
3,33.231,no,supercont1.120,supercont1.120,0,2427180,2427180,62104859,602790429,sc1.120
3,33.231,no,supercont1.126,supercont1.126,0,2342770,2342770,64447629,605133199,sc1.126
3,33.231,yes,supercont1.130,supercont1.130a,0,170557,170557,64618186,605303756,sc1.130a
3,33.231,yes,supercont1.16,supercont1.16a,0,3756077,3756077,68374263,609059833,sc1.16a
3,33.231,no,supercont1.164,supercont1.164,0,2039552,2039552,70413815,611099385,sc1.164
3,33.231,yes,supercont1.174,supercont1.174a,0,821763,821763,71235578,611921148,sc1.174a
3,33.231,no,supercont1.179,supercont1.179,0,1915443,1915443,73151021,613836591,sc1.179
3,33.231,no,supercont1.180,supercont1.180,0,1977729,1977729,75128750,615814320,sc1.180
3,33.231,no,supercont1.182,supercont1.182,0,1961869,1961869,77090619,617776189,sc1.182
3,33.231,no,supercont1.184,supercont1.184,0,2028366,2028366,79118985,619804555,sc1.184
3,33.231,no,supercont1.193,supercont1.193,0,1877301,1877301,80996286,621681856,sc1.193
3,33.231,no,supercont1.214,supercont1.214,0,1899087,1899087,82895373,623580943,sc1.214
3,33.231,yes,supercont1.215,supercont1.215a,0,752677,752677,83648050,624333620,sc1.215a
3,33.231,no,supercont1.227,supercont1.227,0,1699844,1699844,85347894,626033464,sc1.227
3,33.231,no,supercont1.240,supercont1.240,0,1807018,1807018,87154912,627840482,sc1.240
3,33.231,no,supercont1.247,supercont1.247,0,1597882,1597882,88752794,629438364,sc1.247
3,33.231,no,supercont1.250,supercont1.250,0,1628417,1628417,90381211,631066781,sc1.250
3,33.231,no,supercont1.261,supercont1.261,0,1569243,1569243,91950454,632636024,sc1.261
3,33.231,yes,supercont1.269,supercont1.269a,0,696917,696917,92647371,633332941,sc1.269a
3,33.231,no,supercont1.280,supercont1.280,0,1501196,1501196,94148567,634834137,sc1.280
3,33.231,no,supercont1.283,supercont1.283,0,1550372,1550372,95698939,636384509,sc1.283
3,33.231,yes,supercont1.3,supercont1.3b,1419234,5167134,3747900,99446839,640132409,sc1.3b
3,33.231,no,supercont1.302,supercont1.302,0,1420414,1420414,100867253,641552823,sc1.302
3,33.231,yes,supercont1.310,supercont1.310a,0,881193,881193,101748446,642434016,sc1.310a
3,33.231,no,supercont1.333,supercont1.333,0,1304621,1304621,103053067,643738637,sc1.333
3,33.231,no,supercont1.339,supercont1.339,0,1286864,1286864,104339931,645025501,sc1.339
3,33.231,no,supercont1.343,supercont1.343,0,1241552,1241552,105581483,646267053,sc1.343
3,33.231,no,supercont1.349,supercont1.349,0,1234927,1234927,106816410,647501980,sc1.349
3,33.231,no,supercont1.35,supercont1.35,0,3598302,3598302,110414712,651100282,sc1.35
3,33.231,no,supercont1.369,supercont1.369,0,1324076,1324076,111738788,652424358,sc1.369
3,33.231,no,supercont1.375,supercont1.375,0,1160861,1160861,112899649,653585219,sc1.375
3,33.231,no,supercont1.386,supercont1.386,0,1156810,1156810,114056459,654742029,sc1.386
3,33.231,no,supercont1.400,supercont1.400,0,1100357,1100357,115156816,655842386,sc1.400
3,33.231,no,supercont1.406,supercont1.406,0,1069183,1069183,116225999,656911569,sc1.406
3,33.231,no,supercont1.416,supercont1.416,0,1136869,1136869,117362868,658048438,sc1.416
3,33.231,no,supercont1.420,supercont1.420,0,1095436,1095436,118458304,659143874,sc1.420
3,33.231,no,supercont1.430,supercont1.430,0,1048842,1048842,119507146,660192716,sc1.430
3,33.231,no,supercont1.436,supercont1.436,0,1005155,1005155,120512301,661197871,sc1.436
3,33.231,yes,supercont1.46,supercont1.46a,0,1611396,1611396,122123697,662809267,sc1.46a
3,33.231,no,supercont1.463,supercont1.463,0,992532,992532,123116229,663801799,sc1.463
3,33.231,yes,supercont1.492,supercont1.492b,685035,912600,227565,123343794,664029364,sc1.492b
3,33.231,no,supercont1.494,supercont1.494,0,892503,892503,124236297,664921867,sc1.494
3,33.231,no,supercont1.5,supercont1.5,0,5058281,5058281,129294578,669980148,sc1.5
3,33.231,no,supercont1.502,supercont1.502,0,863552,863552,130158130,670843700,sc1.502
3,33.231,no,supercont1.524,supercont1.524,0,814102,814102,130972232,671657802,sc1.524
3,33.231,no,supercont1.531,supercont1.531,0,915863,915863,131888095,672573665,sc1.531
3,33.231,no,supercont1.545,supercont1.545,0,794555,794555,132682650,673368220,sc1.545
3,33.231,no,supercont1.558,supercont1.558,0,768001,768001,133450651,674136221,sc1.558
3,33.231,no,supercont1.565,supercont1.565,0,753009,753009,134203660,674889230,sc1.565
3,33.231,no,supercont1.57,supercont1.57,0,3098917,3098917,137302577,677988147,sc1.57
3,33.231,no,supercont1.575,supercont1.575,0,742271,742271,138044848,678730418,sc1.575
3,33.231,yes,supercont1.58,supercont1.58b,2860936,3090966,230030,138274878,678960448,sc1.58b
3,33.231,no,supercont1.583,supercont1.583,0,719031,719031,138993909,679679479,sc1.583
3,33.231,no,supercont1.591,supercont1.591,0,719298,719298,139713207,680398777,sc1.591
3,33.231,no,supercont1.593,supercont1.593,0,719939,719939,140433146,681118716,sc1.593
3,33.231,yes,supercont1.6,supercont1.6c,3597458,3697402,99944,140533090,681218660,sc1.6c
3,33.231,no,supercont1.61,supercont1.61,0,3227361,3227361,143760451,684446021,sc1.61
3,33.231,no,supercont1.618,supercont1.618,0,733694,733694,144494145,685179715,sc1.618
3,33.231,no,supercont1.636,supercont1.636,0,653825,653825,145147970,685833540,sc1.636
3,33.231,yes,supercont1.649,supercont1.649a,0,161476,161476,145309446,685995016,sc1.649a
3,33.231,yes,supercont1.67,supercont1.67b,2863566,3004230,140664,145450110,686135680,sc1.67b
3,33.231,yes,supercont1.687,supercont1.687b,493434,590958,97524,145547634,686233204,sc1.687b
3,33.231,no,supercont1.695,supercont1.695,0,604116,604116,146151750,686837320,sc1.695
3,33.231,yes,supercont1.7,supercont1.7b,3918923,4891900,972977,147124727,687810297,sc1.7b
3,33.231,no,supercont1.703,supercont1.703,0,571305,571305,147696032,688381602,sc1.703
3,33.231,no,supercont1.760,supercont1.760,0,509100,509100,148205132,688890702,sc1.760
3,33.231,no,supercont1.773,supercont1.773,0,493162,493162,148698294,689383864,sc1.773
3,33.231,yes,supercont1.8,supercont1.8a,0,3623424,3623424,152321718,693007288,sc1.8a
3,33.231,no,supercont1.87,supercont1.87,0,2722388,2722388,155044106,695729676,sc1.87
3,33.231,no,supercont1.886,supercont1.886,0,459642,459642,155503748,696189318,sc1.886
3,33.231,no,supercont1.9,supercont1.9,0,4759463,4759463,160263211,700948781,sc1.9
3,33.231,no,supercont1.945,supercont1.945,0,331117,331117,160594328,701279898,sc1.945
3,33.231,yes,supercont1.96,supercont1.96b,2562617,2767225,204608,160798936,701484506,sc1.96b
3,33.231,no,supercont1.984,supercont1.984,0,359080,359080,161158016,701843586,sc1.984
3,35.5755,no,supercont1.79,supercont1.79,0,2825688,2825688,163983704,704669274,sc1.79
3,37.0055,no,supercont1.65,supercont1.65,0,2980391,2980391,166964095,707649665,sc1.65
3,37.92,no,supercont1.118,supercont1.118,0,2484251,2484251,169448346,710133916,sc1.118
3,37.92,no,supercont1.859,supercont1.859,0,421892,421892,169870238,710555808,sc1.859
3,39.35,no,supercont1.131,supercont1.131,0,2264367,2264367,172134605,712820175,sc1.131
3,40.78,no,supercont1.1099,supercont1.1099,0,235496,235496,172370101,713055671,sc1.1099
3,40.78,no,supercont1.1182,supercont1.1182,0,187072,187072,172557173,713242743,sc1.1182
3,40.78,no,supercont1.178,supercont1.178,0,1941639,1941639,174498812,715184382,sc1.178
3,40.78,no,supercont1.2031,supercont1.2031,0,15962,15962,174514774,715200344,sc1.2031
3,40.78,no,supercont1.345,supercont1.345,0,1340923,1340923,175855697,716541267,sc1.345
3,40.78,yes,supercont1.394,supercont1.394b,1022219,1145074,122855,175978552,716664122,sc1.394b
3,40.78,no,supercont1.424,supercont1.424,0,1017954,1017954,176996506,717682076,sc1.424
3,40.78,no,supercont1.445,supercont1.445,0,1032258,1032258,178028764,718714334,sc1.445
3,40.78,yes,supercont1.465,supercont1.465b,574401,937609,363208,178391972,719077542,sc1.465b
3,40.78,no,supercont1.522,supercont1.522,0,925813,925813,179317785,720003355,sc1.522
3,40.78,no,supercont1.532,supercont1.532,0,822202,822202,180139987,720825557,sc1.532
3,40.78,yes,supercont1.567,supercont1.567b,164623,493999,329376,180469363,721154933,sc1.567b
3,40.78,no,supercont1.680,supercont1.680,0,652264,652264,181121627,721807197,sc1.680
3,40.78,no,supercont1.721,supercont1.721,0,605514,605514,181727141,722412711,sc1.721
3,40.78,no,supercont1.753,supercont1.753,0,548684,548684,182275825,722961395,sc1.753
3,40.78,no,supercont1.761,supercont1.761,0,528116,528116,182803941,723489511,sc1.761
3,40.78,yes,supercont1.78,supercont1.78a,0,1255038,1255038,184058979,724744549,sc1.78a
3,40.78,no,supercont1.950,supercont1.950,0,333443,333443,184392422,725077992,sc1.950
3,43.641,no,supercont1.1037,supercont1.1037,0,362959,362959,184755381,725440951,sc1.1037
3,43.641,no,supercont1.144,supercont1.144,0,2222656,2222656,186978037,727663607,sc1.144
3,43.641,no,supercont1.1629,supercont1.1629,0,39995,39995,187018032,727703602,sc1.1629
3,43.641,yes,supercont1.290,supercont1.290a,0,228921,228921,187246953,727932523,sc1.290a
3,43.641,no,supercont1.490,supercont1.490,0,918938,918938,188165891,728851461,sc1.490
3,43.641,no,supercont1.506,supercont1.506,0,866177,866177,189032068,729717638,sc1.506
3,43.641,no,supercont1.538,supercont1.538,0,830690,830690,189862758,730548328,sc1.538
3,43.641,no,supercont1.607,supercont1.607,0,695224,695224,190557982,731243552,sc1.607
3,43.641,no,supercont1.969,supercont1.969,0,343486,343486,190901468,731587038,sc1.969
3,46.501,no,supercont1.737,supercont1.737,0,553209,553209,191454677,732140247,sc1.737
3,46.501,no,supercont1.862,supercont1.862,0,448175,448175,191902852,732588422,sc1.862
3,49.361,no,supercont1.798,supercont1.798,0,488899,488899,192391751,733077321,sc1.798
3,55.101,yes,supercont1.186,supercont1.186a,0,1332013,1332013,193723764,734409334,sc1.186a
3,55.101,no,supercont1.478,supercont1.478,0,959246,959246,194683010,735368580,sc1.478
3,57.985,no,supercont1.138,supercont1.138,0,2183446,2183446,196866456,737552026,sc1.138
3,57.985,no,supercont1.18,supercont1.18,0,4266046,4266046,201132502,741818072,sc1.18
3,57.985,yes,supercont1.29,supercont1.29b,1461375,1646350,184975,201317477,742003047,sc1.29b
3,57.985,no,supercont1.347,supercont1.347,0,1223996,1223996,202541473,743227043,sc1.347
3,57.985,no,supercont1.579,supercont1.579,0,736929,736929,203278402,743963972,sc1.579
3,60.87,no,supercont1.115,supercont1.115,0,2479458,2479458,205757860,746443430,sc1.115
3,60.87,no,supercont1.1188,supercont1.1188,0,186940,186940,205944800,746630370,sc1.1188
3,60.87,yes,supercont1.143,supercont1.143a,0,1030018,1030018,206974818,747660388,sc1.143a
3,60.87,no,supercont1.17,supercont1.17,0,4314454,4314454,211289272,751974842,sc1.17
3,60.87,no,supercont1.221,supercont1.221,0,1752526,1752526,213041798,753727368,sc1.221
3,60.87,no,supercont1.224,supercont1.224,0,1736477,1736477,214778275,755463845,sc1.224
3,60.87,yes,supercont1.228,supercont1.228b,931475,1779970,848495,215626770,756312340,sc1.228b
3,60.87,no,supercont1.298,supercont1.298,0,1445550,1445550,217072320,757757890,sc1.298
3,60.87,no,supercont1.359,supercont1.359,0,1189423,1189423,218261743,758947313,sc1.359
3,60.87,yes,supercont1.401,supercont1.401a,0,601777,601777,218863520,759549090,sc1.401a
3,60.87,no,supercont1.473,supercont1.473,0,927136,927136,219790656,760476226,sc1.473
3,60.87,no,supercont1.519,supercont1.519,0,846843,846843,220637499,761323069,sc1.519
3,60.87,no,supercont1.552,supercont1.552,0,783187,783187,221420686,762106256,sc1.552
3,60.87,no,supercont1.598,supercont1.598,0,695964,695964,222116650,762802220,sc1.598
3,60.87,no,supercont1.731,supercont1.731,0,545064,545064,222661714,763347284,sc1.731
3,60.87,no,supercont1.795,supercont1.795,0,475662,475662,223137376,763822946,sc1.795
3,60.87,no,supercont1.83,supercont1.83,0,2974912,2974912,226112288,766797858,sc1.83
3,60.87,no,supercont1.98,supercont1.98,0,2816416,2816416,228928704,769614274,sc1.98
3,63.73,no,supercont1.53,supercont1.53,0,3153367,3153367,232082071,772767641,sc1.53
3,63.73,yes,supercont1.6,supercont1.6d,4685267,5075626,390359,232472430,773158000,sc1.6d
3,65.1605,yes,supercont1.19,supercont1.19b,1197549,4221289,3023740,235496170,776181740,sc1.19b
3,66.591,no,supercont1.287,supercont1.287,0,1460099,1460099,236956269,777641839,sc1.287
3,66.591,yes,supercont1.394,supercont1.394a,0,849322,849322,237805591,778491161,sc1.394a
3,68.0215,no,supercont1.158,supercont1.158,0,2048688,2048688,239854279,780539849,sc1.158
3,69.452,no,supercont1.10,supercont1.10,0,4486241,4486241,244340520,785026090,sc1.10
3,69.452,no,supercont1.13,supercont1.13,0,4376253,4376253,248716773,789402343,sc1.13
3,69.452,yes,supercont1.245,supercont1.245a,0,1178667,1178667,249895440,790581010,sc1.245a
3,69.452,no,supercont1.683,supercont1.683,0,594644,594644,250490084,791175654,sc1.683
3,79.713,yes,supercont1.7,supercont1.7a,0,2920777,2920777,253410861,794096431,sc1.7a
3,83.889,no,supercont1.107,supercont1.107,0,2543601,2543601,255954462,796640032,sc1.107
3,86.75,no,supercont1.163,supercont1.163,0,2030282,2030282,257984744,798670314,sc1.163
3,86.75,no,supercont1.23,supercont1.23,0,3969038,3969038,261953782,802639352,sc1.23
3,86.75,no,supercont1.273,supercont1.273,0,1503418,1503418,263457200,804142770,sc1.273
3,88.4215,no,supercont1.253,supercont1.253,0,1632056,1632056,265089256,805774826,sc1.253
3,,unknown,supercont1.1184,supercont1.1184,,,,,,sc1.1184
3,,unknown,supercont1.1019,supercont1.1019,,,,,,sc1.1019
3,,unknown,supercont1.110,supercont1.110,,,,,,sc1.110
3,,unknown,supercont1.603,supercont1.603,,,,,,sc1.603
3,,unknown,supercont1.693,supercont1.693,,,,,,sc1.693
3,,unknown,supercont1.1045,supercont1.1045,,,,,,sc1.1045
3,,unknown,supercont1.809,supercont1.809,,,,,,sc1.809
3,,unknown,supercont1.119,supercont1.119,,,,,,sc1.119
3,,unknown,supercont1.220,supercont1.220,,,,,,sc1.220
3,,unknown,supercont1.344,supercont1.344,,,,,,sc1.344
3,,unknown,supercont1.91,supercont1.91,,,,,,sc1.91
3,,unknown,supercont1.116,supercont1.116,,,,,,sc1.116
3,,unknown,supercont1.1312,supercont1.1312,,,,,,sc1.1312
3,,unknown,supercont1.566,supercont1.566,,,,,,sc1.566
3,,unknown,supercont1.738,supercont1.738,,,,,,sc1.738
3,,unknown,supercont1.303,supercont1.303,,,,,,sc1.303
3,,unknown,supercont1.443,supercont1.443,,,,,,sc1.443
3,,unknown,supercont1.187,supercont1.187,,,,,,sc1.187
3,,unknown,supercont1.823,supercont1.823,,,,,,sc1.823
3,,unknown,supercont1.411,supercont1.411,,,,,,sc1.411
3,,unknown,supercont1.642,supercont1.642,,,,,,sc1.642
3,,unknown,supercont1.1447,supercont1.1447,,,,,,sc1.1447
3,,unknown,supercont1.599,supercont1.599,,,,,,sc1.599
4,,,,,,,,,,